,player_1,player_2,ace_pct,df_pct,first_serve_pct,broken_pct,breaking_pct,break_conversion_pct,surface_win_pct,player_hand_win_pct,parameters_value,player_2_prob,player_1_prob,Prediction,Actual
4,Alexandr Dolgopolov,Nick Kyrgios,-0.09397119676392232,-0.010526027843086642,-0.04875228058981285,0.11240417324500723,0.030844723374681467,0.031924200046820506,-0.22904483430799225,-0.11089743589743596,0.08235294117647059,0.6106706920557345,0.3893293079442655,0,0
10,Horacio Zeballos,Alexandr Dolgopolov,-0.015077935785336796,-0.01077265701774487,-0.02565283236259164,-0.01676380004738215,-0.05759626112731225,-0.02607118937550024,-0.09686609686609683,0.09999999999999998,0.07500000000000001,0.5253986640645694,0.47460133593543063,0,0
11,Mischa Zverev,Michael Mmoh,0.001511804392668986,-0.02063818302762533,0.08788335149068283,-0.16892729526726466,0.09008589120447433,0.14709780015902468,0.4736842105263158,0.5306122448979592,0.0,0.2520805014538684,0.7479194985461316,1,0
12,Alex De Minaur,Milos Raonic,-0.14192194562020233,0.002585942646205222,-0.16273208888298407,0.3739356267029973,-0.08992416034669554,-0.05251258863426162,-0.4035087719298245,-0.5142857142857142,0.1,0.8106439731725799,0.18935602682742014,0,1
15,John Millman,Peter Polansky,-0.01821316522257735,-0.021976337375103426,-0.012476425359060015,0.32019900497512443,0.22134238310708895,0.02404181184668991,0.16666666666666669,0.041666666666666685,0.0,0.4703460211104109,0.5296539788895891,1,1
19,Horacio Zeballos,Ernesto Escobedo,-0.0032495136051527147,-0.006115079321611549,0.015984247944373586,-0.04637316561844865,0.00659684788746856,0.06282154589970868,0.027472527472527486,0.16666666666666669,0.06666666666666668,0.45455653293187726,0.5454434670681227,1,1
22,Federico Delbonis,Michael Mmoh,-0.03718552374948285,-0.011133493567643177,0.06211160902181179,-0.16476190476190478,0.10956521739130434,0.11857707509881428,0.5714285714285714,0.5238095238095238,0.0,0.24273366911916572,0.7572663308808343,1,0
25,Jordan Thompson,Jared Donaldson,-0.014545602819414818,-0.013339589359212686,-0.058008307006340964,0.0439530872714729,0.013737108646177163,0.03757388122713201,-0.016129032258064502,-0.05093167701863355,0.06666666666666668,0.548553314492483,0.451446685507517,0,0
28,Andrey Rublev,Guido Pella,0.0009411469582647076,0.014466214877850738,0.010965802726289995,0.12953795379537952,0.13849680007101986,0.07360482654600302,-0.02380952380952384,-0.2327586206896552,0.03333333333333333,0.5483536960579145,0.45164630394208544,0,1
30,Peter Gojowczyk,Gael Monfils,-0.008380887912583831,0.0053957460400487775,0.052990449402175455,-0.0593168310365097,-0.14269281045751636,0.03228228228228225,-0.03157894736842104,-0.03703703703703698,0.1,0.546893173033411,0.453106826966589,0,0
36,Peter Gojowczyk,Matteo Berrettini,0.07918274525252705,0.0021577387614042307,0.16281693880260184,-0.2609561752988048,0.256,0.4444444444444444,0.6,0.08238851095993949,0.0,0.250326984411131,0.749673015588869,1,1
37,Feliciano Lopez,Mirza Basic,0.059130992464325814,-0.002475549142215809,0.04582723573161196,0.014971209213051813,-0.06253108593534124,-0.09347336834208553,-0.303030303030303,0.5227272727272727,0.0,0.4434610864998768,0.5565389135001232,1,0
48,Filip Krajinovic,Peter Gojowczyk,-0.0006728486839137349,-0.02673349721022154,-0.0434367000421243,-0.09618668184405238,-0.04251685393258428,0.08333333333333337,0.11428571428571432,0.15873015873015872,0.0,0.47117181902604965,0.5288281809739503,1,0
51,Guido Pella,Albert Ramos,0.0020587758339867123,-0.001209947221527466,0.003325537244792232,-0.020503597122302156,-0.05185471598386676,-0.02010088368035801,0.11538461538461535,0.0,0.05384615384615385,0.4999045489189876,0.5000954510810124,1,1
59,Pierre Hugues Herbert,Marin Cilic,-0.03043721388254145,0.011031703810949298,-0.05798074371013062,0.056395791880106676,-0.19085345048195854,-0.13037605743939715,-0.2296650717703349,-0.3630952380952381,0.07333333333333332,0.7061332837541953,0.29386671624580474,0,0
70,Marco Cecchinato,Pierre Hugues Herbert,-0.08190319329482225,-0.0027069971166773857,-0.08944903581267216,0.20195974887050402,0.09820574162679424,0.1121693121693122,-0.3157894736842105,-0.16666666666666666,0.1,0.6474038967308162,0.3525961032691838,0,0
77,Roberto Bautista Agut,Robin Haase,-0.06080448539918031,-0.01154909982074702,-0.033802883974322295,0.013578294807117948,0.13121880948706074,0.05139116202945987,0.2272727272727273,0.1847111726046351,0.025,0.40687558085080666,0.5931244191491933,1,1
78,David Ferrer,Juan Martin Del Potro,-0.07967523130167413,0.0250048327173196,-0.059392371340010734,0.08332231404958676,0.02605480465058957,-0.008142315857361637,-0.19047619047619047,-0.2285714285714286,0.09166666666666667,0.6226646234564789,0.3773353765435211,0,0
82,Karen Khachanov,Juan Martin Del Potro,-0.0145333774947691,0.01281691799298927,-0.021649369490012282,0.04724475524475527,-0.035587882162557184,-0.011342527441598638,-0.4642857142857143,-0.25776397515527955,0.0642857142857143,0.6703599311978087,0.3296400688021913,0,0
90,Denis Shapovalov,Juan Martin Del Potro,-0.004215391584859521,0.021893534573793148,-0.011140901597029074,0.008666666666666684,-0.1044762459439221,-0.04644406080256008,-0.18796992481203006,-0.1263157894736842,0.1,0.6046425078844486,0.3953574921155514,0,0
93,Stefanos Tsitsipas,Lukas Lacko,0.0028333467774461496,-0.000897394530934903,0.03985114438134574,0.07240726300545841,-0.011491637273865069,-0.028112449799196804,-0.09790209790209793,0.0357142857142857,0.1,0.5200253632645986,0.47997463673540136,0,0
95,Michael Venus,Roberto Bautista Agut,0.04962515969884213,0.004517769760471822,0.023471557682083977,-0.10463928060494583,-0.30540427314620866,-0.2777647884030863,-0.7272727272727273,-0.6949152542372882,0.1,0.7963063570789481,0.2036936429210519,0,0
99,Karen Khachanov,Yuichi Sugita,0.05173179574714833,0.01222749879891891,0.056181697359677374,-0.054489758029581004,-0.06915281760346972,-0.053766769865841064,-0.3152173913043478,-0.1101449275362319,0.04000000000000002,0.5754197144633535,0.42458028553664656,0,1
103,Alex De Minaur,Benoit Paire,-0.06986966703198796,-0.013654390772400056,-0.12538253735657967,0.22334256978653533,-0.11719307182883346,-0.12986319652986314,-0.1523809523809524,-0.3185185185185185,0.0,0.7177065343050111,0.28229346569498887,0,1
106,Alex De Minaur,Feliciano Lopez,-0.0906592126717913,0.011991190733329098,-0.13846670115633608,0.3006537907869482,-0.03966671626246093,-0.051089799476896236,-0.03030303030303033,-0.02272727272727271,0.06666666666666668,0.6385152006890983,0.3614847993109017,0,1
111,Ricardas Berankis,Adrian Mannarino,-0.01313832816372551,0.005722967839959483,-0.035143550033534636,0.14013651877133104,-0.01836734693877551,-0.05886243386243389,-0.060975609756097615,-0.0490196078431373,0.05,0.5730328042245305,0.42696719577546943,0,0
113,Feliciano Lopez,Diego Sebastian Schwartzman,0.09682426955330306,0.002169137954534044,0.11113248587377067,-0.13017516983163233,-0.2218254060730349,-0.09093701996927804,-0.2474747474747475,-0.3661616161616161,0.05,0.6331660867008087,0.3668339132991914,0,1
115,John Millman,Gilles Muller,-0.1329896987639297,-0.030953021749778088,-0.14731081813256286,0.48031394750386,0.23124282250861294,0.05714285714285716,-0.0714285714285714,-0.6382978723404256,0.07777777777777778,0.7289038327320101,0.27109616726798985,0,0
119,Viktor Troicki,Alexandr Dolgopolov,0.0007181673143505651,0.005113964928748938,-0.015057843693340732,0.041450860738167145,-0.01928085864735624,-0.03403499028047763,-0.009259259259259243,-0.13228438228438227,0.038461538461538464,0.5581528646949043,0.4418471353050957,0,0
134,Marius Copil,Gilles Simon,0.08143861106212924,0.0053790854264520955,0.07538283327158046,-0.09805427547363033,-0.13676783473659326,-0.11183339352353433,-0.050167224080267525,-0.06258890469416789,0.05,0.519234807887071,0.48076519211292906,0,0
136,Gilles Muller,Federico Delbonis,0.1411755469969429,0.005265954709721854,0.1110776193322518,-0.09344827586206897,-0.04477223427331886,-0.034161490683229816,0.0,0.6666666666666666,0.03636363636363637,0.3128235328282182,0.6871764671717818,1,1
139,Dustin Brown,Joao Sousa,0.029256855816586037,0.032505433949508486,-0.003704662702205375,0.029370629370629345,-0.07412980968258058,-0.040208388992786566,-0.08333333333333337,-0.12476190476190475,0.042857142857142864,0.5787118889485862,0.42128811105141384,0,0
140,Vasek Pospisil,Marin Cilic,-0.030596191565871195,-0.005659529257927426,-0.03926628978673241,0.017901464383221655,-0.16822703149331045,-0.029986193891638868,-0.18831168831168826,-0.3075396825396825,0.061538461538461535,0.6792167055007308,0.3207832944992693,0,0
142,Marcos Baghdatis,Yuki Bhambri,0.06892023895751792,0.0128586965430015,0.06688954120460977,0.03959697086381722,-0.04389819267119882,-0.038324420677361866,-0.01666666666666661,-0.2222222222222222,0.0,0.5591621269473672,0.4408378730526328,0,1
144,Nick Kyrgios,Rogerio Dutra Silva,0.12648239628007604,0.0013921025452158092,0.12055354903749615,-0.25163308722312605,-0.055053522529250686,0.042353067641288884,0.3771929824561404,0.22045454545454551,0.0,0.32497697840541395,0.675023021594586,1,1
154,Guido Pella,Dominic Thiem,-0.022467336705640318,-0.010153774522772146,-0.06283464063036004,0.029184247538677925,-0.09406822406501424,-0.02951283606225996,-0.025000000000000026,-0.13262599469496025,0.09375,0.5976490330242192,0.4023509669757808,0,0
158,Maximilian Marterer,Cedrik Marcel Stebe,0.0364359237495242,-0.01713658562173082,0.03724181396281545,-0.17645074224021595,-0.3682675814751286,-0.1255497800879648,-0.4,0.0,0.0,0.6460476891594298,0.3539523108405702,0,1
163,Albert Ramos,Jared Donaldson,-0.03400623240138303,-0.015061034627596153,-0.06518229269059883,0.003687453624544312,0.02386178440552783,0.021132875424424047,-0.13151364764267987,-0.08148148148148149,0.05,0.5668885961950546,0.4331114038049454,0,1
166,Mikhail Kukushkin,Peter Gojowczyk,-0.05351200747651864,-0.03962948033363917,-0.092745604922165,0.09861851296114243,0.15156302521008402,0.031045751633986932,-0.07058823529411762,-0.05555555555555558,0.1,0.5330887711925425,0.46691122880745745,0,0
171,Tomas Berdych,Alex De Minaur,0.06284582811256734,-0.015289396031857553,0.15481013982356429,-0.33951163967611336,0.09729815638906547,0.12844527696012842,0.29629629629629634,0.4428571428571429,0.0,0.24023285498384028,0.7597671450161597,1,1
175,Sam Querrey,Feliciano Lopez,0.038344163347791255,0.005731254400533167,0.033400002392279804,-0.0013606232017096542,0.09909471723581464,0.07182566918325327,0.26794258373205737,0.09265734265734273,0.047058823529411764,0.39948939692826557,0.6005106030717344,1,1
177,Nicolas Kicker,Jordan Thompson,-0.03971311795485904,0.003610198928190228,-0.026867816894459384,0.019280030314513086,0.0007739938080495445,0.029370629370629345,-0.5,0.12077294685990342,0.1,0.5833940608030066,0.41660593919699346,0,1
179,Soon Woo Kwon,Jan Lennard Struff,-0.05072727836046274,-0.014688677060081055,-0.06595540637736752,-0.0021604938271604928,-0.0041440626883665075,-0.08144989339019193,-0.5161290322580645,-0.5102040816326531,0.0,0.720435648408179,0.279564351591821,0,0
180,Roger Federer,Aljaz Bedene,0.02005507180453571,-0.0033957697056338915,0.04675136340144548,-0.13545240826572974,0.08571428571428569,0.026788067569186558,0.5340909090909091,0.3623670212765957,0.0,0.27961191014335396,0.720388089856646,1,1
184,Alexandr Dolgopolov,Matthew Ebden,0.02425020019137764,-0.021028838908540626,0.03677151808003398,0.008022240808585324,-0.01963004457581466,0.032770828086082886,-0.018518518518518545,-0.03589743589743588,0.0,0.5220969771587183,0.4779030228412817,0,1
188,Marin Cilic,Joao Sousa,0.08720486723263446,0.007233380346632671,0.08357501769853559,-0.06375365141187928,0.0786225427304647,-0.018994124925709063,0.12878787878787873,0.29166666666666663,0.01904761904761905,0.34939952446395695,0.650600475536043,1,1
190,Viktor Troicki,Nick Kyrgios,-0.09325302944957176,-0.005412062914337705,-0.06381012428315358,0.1538550339831744,0.011563864727325237,-0.0021107902336571227,-0.23830409356725146,-0.24318181818181825,0.08125,0.6559204250069187,0.3440795749930813,0,0
191,Denis Shapovalov,Jo Wilfried Tsonga,-0.01885422668747659,0.022788956697998443,-0.057849958527609324,0.08185437997724687,-0.0926723830448988,-0.0599321743197942,-0.19163292847503374,-0.19298245614035087,0.1,0.6431919708661475,0.3568080291338525,0,0
192,Denis Istomin,Kyle Edmund,0.03187244135841,-0.016188356608759447,-0.01278969549850162,0.028996355370929174,-0.05709779179810725,-0.028475940388091262,0.03132832080200498,0.025932953826691973,0.05,0.5220156295066267,0.47798437049337333,0,0
195,Ivo Karlovic,Yuichi Sugita,0.19255413963488124,0.027112112894852044,0.1434038048687971,-0.2291657928951893,-0.2427039491047492,-0.13654188948306595,-0.16521739130434776,-0.10512820512820507,0.016666666666666666,0.5268695642899996,0.4731304357100004,0,1
198,Fernando Verdasco,Maximilian Marterer,-0.030183636142842807,0.024013981031688083,0.03495858150020148,-0.025020678246484684,0.17877693028234978,0.09655213340454573,0.5454545454545454,0.2727272727272727,0.0,0.2991610250241371,0.7008389749758629,1,0
199,Stanislas Wawrinka,Tennys Sandgren,0.01782464742455643,0.004974810022072826,0.009289829786807036,-0.18552971576227392,0.12152244410308928,0.03404255319148941,0.23684210526315785,0.45,0.0,0.29596778180868055,0.7040322181913194,1,0
206,Tomas Berdych,Guillermo Garcia Lopez,0.059765350638558874,-0.0262517403565182,0.0942409846252531,-0.15540837880654812,0.028433687524596633,0.05988891572084036,0.3796296296296297,0.37619047619047613,0.011111111111111113,0.2997407188774729,0.7002592811225271,1,1
210,Roger Federer,Jan Lennard Struff,0.0203541737444793,-0.031548042526829065,0.02254848376335772,-0.08546390495821975,0.165379746835443,0.036094476700003035,0.39296187683284456,0.3834129396439426,0.011111111111111113,0.28698959770462473,0.7130104022953753,1,1
211,Rafael Nadal,Damir Dzumhur,0.01808582352703559,-0.018828054615578186,0.07620044324058117,-0.16497805599972784,0.10287877393225332,-0.07847966772916065,0.13632653061224487,0.1990049751243781,0.0,0.3449124359903851,0.6550875640096149,1,1
217,Kyle Edmund,Nikoloz Basilashvili,0.03330360626497965,-0.005264168354297112,0.08301755547412848,-0.11534599615094973,-0.04445862843535575,0.004244911899781045,0.03149001536098317,0.04833561331509345,0.07500000000000001,0.45516146365851917,0.5448385363414808,1,1
220,Tennys Sandgren,Maximilian Marterer,-0.01811558331683256,0.0008370385037711724,0.05176995172129872,0.1115384615384616,0.05477784540474742,0.04959349593495932,0.5,0.0,0.0,0.42133276467076153,0.5786672353292385,1,1
231,Dominic Thiem,Tennys Sandgren,0.014132716902787987,0.018110966871154148,0.031867689237958574,-0.17918424753867795,0.15355659989962128,0.03539518900343647,0.025000000000000026,0.38934426229508207,0.0,0.3255330161963488,0.6744669838036512,1,0
233,Tomas Berdych,Fabio Fognini,0.05977803176734841,-0.026557996434596852,0.094931359871541,-0.1176266075733846,-0.03969117007394518,0.042509041323293965,0.008939974457215838,0.03820598006644527,0.02666666666666667,0.4594221082908819,0.5405778917091181,1,1
240,Hyeon Chung,Roger Federer,-0.0743036234228405,0.022854254286638623,-0.08005122381710172,0.15951824489065006,-0.02331658291457284,0.014186827061562934,-0.4507575757575758,-0.3380614657210401,0.09000000000000001,0.720813522959225,0.279186477040775,0,0
242,Lucas Pouille,Richard Gasquet,0.06074118698851521,0.021766425967952682,0.03275135551494468,0.025424474653379547,-0.017761752136752133,0.016595629524389418,-0.06617647058823528,0.035196687370600444,0.07777777777777778,0.507877431283891,0.49212256871610904,0,1
243,David Goffin,Richard Gasquet,0.035293137699793274,0.008362466596077242,0.017223591448386588,-0.0013744212962963074,-0.0033444816053511683,0.006925628374567672,0.09166666666666667,0.1149068322981367,0.0625,0.4587967024027879,0.5412032975972121,1,0
247,Jo Wilfried Tsonga,Andrey Rublev,0.06930625419375369,-0.014044744733887664,0.10811432166884473,-0.2447256671059597,-0.10205987879187473,-0.047638994668697636,0.2417582417582418,0.17554858934169282,0.0,0.37398484904179086,0.6260151509582091,1,1
254,Nicolas Mahut,Jo Wilfried Tsonga,-0.04723426365180285,0.005032929874429805,-0.09131288521015513,0.12542163143923518,-0.07931480120619316,-0.088991041961339,-0.17628205128205132,-0.33441558441558444,0.06315789473684211,0.6847221500525504,0.3152778499474496,0,0
258,Karen Khachanov,David Ferrer,0.06514185380690501,-0.012187914724330331,0.037743001849998466,-0.03607755880483149,-0.06164268681314675,-0.0032002115842370005,-0.27380952380952384,-0.029192546583850957,0.03571428571428572,0.5601348537903919,0.4398651462096081,0,1
262,Andrey Rublev,Guillermo Garcia Lopez,0.015146365008361778,-0.014303170280598541,0.0050550326211464824,0.04801621466494477,0.13730929264909847,0.08030018761726082,0.22619047619047614,0.2850574712643678,0.0,0.3755580198610565,0.6244419801389435,1,1
264,Nicolas Mahut,Dustin Brown,-0.010174138801163357,-0.03129698808031093,0.0016185350873306747,-0.03067517278043591,0.017770857940513283,-0.058897243107769386,0.2083333333333333,0.11285714285714282,0.04000000000000002,0.4305090012140006,0.5694909987859994,1,1
267,Albert Ramos,Roberto Carballes Baena,-0.013174797390843531,-0.028485973425669282,-0.05574224025138064,0.1670553212602332,0.060692271218587,-0.07163581099751315,0.02857142857142858,0.5185185185185185,0.05,0.411804961543503,0.588195038456497,1,0
270,Nicolas Jarry,Roberto Carballes Baena,0.025794891648550183,-0.02630612386709948,-0.03487320121003079,0.24538893344025664,0.08145363408521306,-0.07034632034632038,-0.6,-0.75,0.0,0.776750419123883,0.22324958087611704,0,0
272,Albert Ramos,Gerald Melzer,-0.004524811097138294,-0.0022224595823115804,0.014565921204567787,0.025133226751931772,0.0721725849060314,-0.026992953854656002,0.08311688311688313,-0.5,0.06,0.5803790512504956,0.4196209487495044,0,1
276,Alessandro Giannessi,Thiago Monteiro,-0.00774767769823613,0.008624286822163013,-0.03947289964820233,-0.01357466063348417,0.012078554049356982,-0.050941850941850934,0.12077294685990342,-0.16666666666666666,0.0,0.5293287406801828,0.47067125931981724,0,0
280,Rogerio Dutra Silva,Andrej Martin,0.0214506960642536,0.013604481862605898,0.0714370611856795,0.07965284474445516,-0.060708898944193075,-0.2271653543307087,0.019607843137254943,0.12121212121212123,0.0,0.47610797262088245,0.5238920273791176,1,0
287,Victor Estrella,Thomaz Bellucci,-0.016813936734912528,-0.017337537079018375,0.00878057819312017,-0.013498312710911177,-0.07637061403508771,-0.08369408369408365,0.038461538461538436,0.08064516129032256,0.08000000000000003,0.49838089251333273,0.5016191074866673,1,1
288,Gerald Melzer,Marco Cecchinato,0.02367115472308795,-0.016371634386260853,0.01610993657505289,-0.21076998050682255,-0.019773774612484283,0.04821428571428571,0.3454545454545454,0.42857142857142855,0.0,0.3217139673275473,0.6782860326724527,1,1
294,Mirza Basic,Maximilian Marterer,-0.012207678436324948,0.017085630094828518,0.058784080660453715,-0.08846153846153842,0.14878706199460914,0.12478729438457176,0.6666666666666666,0.0,0.0,0.32667010193479074,0.6733298980652093,1,1
296,Jozef Kovalik,Marcos Baghdatis,-0.056171307846559236,-0.029700272325519736,-0.12062148341969806,0.09541087842974633,-0.06829366952066337,-0.006493506493506496,0.08333333333333326,-0.15873015873015872,0.1,0.6111980551176551,0.3888019448823449,0,1
300,Maximilian Marterer,Joao Sousa,0.02251978263489203,-0.01304018500134849,-0.050656367128751545,0.026923076923076883,-0.12774729305437368,-0.09155627089265816,-0.4166666666666667,-0.5,0.1,0.7294983543896416,0.27050164561035844,0,1
308,Marius Copil,Robin Haase,0.020752469596043488,-0.000525254739726512,0.016509291956058103,-0.011695906432748536,-0.09600773587512083,-0.04444444444444445,-0.11538461538461535,-0.19441460794844256,0.08000000000000003,0.5914339341200037,0.4085660658799964,0,1
312,Salvatore Caruso,Marcos Baghdatis,-0.10498581272800972,-0.047831374138629916,-0.1883181126331812,0.15172955974842767,-0.2331288343558282,-0.3636363636363637,-0.5833333333333334,-0.4444444444444444,0.0,0.8111139151884104,0.18888608481158958,0,0
315,Federico Delbonis,Aljaz Bedene,-0.06585755184124856,0.015293584981130115,-0.06172430838762076,-0.012148997134670492,-0.034285714285714315,0.01483375959079286,-0.09999999999999998,0.27380952380952384,0.028571428571428567,0.5014881848850148,0.4985118151149852,0,0
325,Albert Ramos,Aljaz Bedene,-0.05175488672146896,0.0029102241606641173,-0.06946990363196359,0.01835459998763167,0.014476732371469181,0.01617931505290704,0.02857142857142858,0.2685185185185185,0.02307692307692308,0.470503021988937,0.529496978011063,1,0
327,Guillermo Garcia Lopez,Pablo Carreno Busta,-0.0019353252377515356,0.03609302251798505,0.013755975853783077,0.04204805491990843,-0.1028138528138528,-0.06447421031587364,-0.4396551724137932,-0.2733333333333334,0.08000000000000003,0.6745518094970562,0.3254481905029438,0,1
330,Thiago Monteiro,Fernando Verdasco,0.006120965689217453,-0.009459784036372015,-0.0063673610049928,0.044251447477253965,-0.08730651757519284,-0.017228907739856636,-0.15345268542199492,0.3939393939393939,0.1,0.48337181933540274,0.5166281806645973,1,0
333,Gael Monfils,Pablo Cuevas,0.035760972708237686,-0.0008835750728970539,-0.003051121214509012,0.06240559955792965,0.1720261437908497,0.010587359012555864,-0.15476190476190482,0.15509259259259256,0.037500000000000006,0.4509501350317585,0.5490498649682415,1,1
336,Gastao Elias,Roberto Carballes Baena,-0.009644059644059642,-0.021188071188071183,-0.0026834542963575236,0.16527419109828345,-0.024606971975393018,-0.10274725274725276,-0.14545454545454545,-0.36538461538461536,0.05,0.6496242628420155,0.35037573715798453,0,1
337,Florian Mayer,Federico Delbonis,0.015310557926268885,-0.02052605825165549,0.008214982591094433,0.035303643724696354,-0.0343548387096774,-0.004940711462450621,0.0,-0.19047619047619047,0.06,0.5668794675527602,0.4331205324472398,0,0
339,Kevin Anderson,Sam Querrey,0.0022168188798576405,-0.006398395901008006,-0.01169327247405838,-0.0599357530492041,-0.051699296550555114,-0.06801150809581162,-0.0509337860780984,0.023255813953488413,0.047058823529411764,0.5154919624367488,0.4845080375632512,0,1
340,Kevin Anderson,Kei Nishikori,0.1305782540812481,0.006163372555588124,0.07601466901520026,-0.1026762062988319,-0.12301743864909648,-0.07525988203473788,-0.13364055299539168,-0.02530779753761969,0.08000000000000003,0.5152381322963694,0.4847618677036306,0,1
346,Ernesto Escobedo,Kevin Anderson,-0.0933497672085404,-0.0003680639379640762,-0.08755845980368593,0.11047611043408834,-0.08187430152732691,-0.043982079779443406,-0.22350230414746547,-0.2622739018087856,0.1,0.6807028235051913,0.3192971764948087,0,0
351,Peter Gojowczyk,Adrian Mannarino,0.04286566719838338,0.02069739810657981,0.08864291291806026,-0.04081965652747371,-0.06712925170068029,0.0046296296296295955,0.03902439024390236,0.11764705882352933,0.05,0.46088967691491944,0.5391103230850806,1,0
358,Adrian Menendez Maceiras,Steve Johnson,-0.03825749278104151,-0.02198944538484517,-0.06298523783488241,0.2301494040624475,0.062254901960784335,-0.05380685563612392,-0.19607843137254904,-0.3227272727272727,0.0,0.6585815563891818,0.3414184436108182,0,1
362,Mikhail Youzhny,Matthew Ebden,-0.02015722251656357,-0.017097438928124216,-0.03470464451625599,0.13163669135221975,0.017743904840679003,0.03462264529863035,-0.1111111111111111,-0.26666666666666666,0.0,0.6266956191086717,0.3733043808913283,0,1
363,Grigor Dimitrov,Roger Federer,-0.02124157548866368,0.02354968150725222,-0.022409856356295662,0.037665827238441786,-0.08352132049518568,-0.018937432095111676,-0.12909090909090906,-0.13499633162142333,0.08571428571428573,0.6035965485100623,0.3964034514899378,0,0
372,Pierre Hugues Herbert,Daniil Medvedev,0.025756991613673147,0.002697969774146477,0.02701890410692209,-0.0044752024739627685,-0.09075776791376028,-0.13934213934213935,-0.168081494057725,-0.17948717948717946,0.06,0.5860075473507683,0.4139924526492317,0,0
374,Feliciano Lopez,David Goffin,0.05336859069526846,0.0008918543915770806,0.0323171283565048,0.01126750550934813,-0.09545034059372637,-0.07014803028111287,-0.35303030303030297,-0.16958041958041958,0.07368421052631577,0.6204102945460632,0.3795897054539368,0,0
375,Damir Dzumhur,Andrey Rublev,-0.02231176917935513,-0.0020226396808506464,-0.031754151255213636,-0.06976351770515392,-0.02047080467658985,0.042689967233577764,0.20380952380952388,0.0482758620689655,0.020000000000000004,0.4723775003688844,0.5276224996311156,1,0
376,Filip Krajinovic,Grigor Dimitrov,-0.008627812592499451,-0.02235420299630798,-0.0431128947988958,-0.0115052732502397,-0.06299553343739857,0.1434565540684088,-0.06571428571428573,-0.04433497536945808,0.1,0.5737537171621689,0.426246282837831,0,0
378,Karen Khachanov,Philipp Kohlschreiber,0.02662781795789376,0.01621055617142483,-0.023424260910825168,0.06328863093031284,-0.016626417670784294,-0.042046126552335916,-0.3796296296296297,-0.1713852376137513,0.057142857142857134,0.6301518013725929,0.3698481986274071,0,0
379,Robin Haase,Thiemo De Bakker,-0.017248767945146782,0.023156509228932625,-0.018806202845290776,-0.016081871345029253,0.10275689223057644,0.04923076923076925,0.5,0.010204081632653073,0.0,0.39552871749443963,0.6044712825055604,1,1
380,Tallon Griekspoor,Stanislas Wawrinka,-0.07270623553693162,-0.008573602685179395,-0.11477765672310193,0.1972944216446268,-0.2463102199944305,-0.06737588652482274,-0.7368421052631579,-0.7,0.0,0.8657256303077647,0.1342743696922353,0,1
381,Alexander Zverev,David Ferrer,0.07520501582228432,-0.009938264898458206,0.04768660660571245,-0.11838113757899853,-0.04421881413854667,0.0738198032415599,0.1428571428571428,0.24562899786780384,0.017647058823529415,0.40659612913048393,0.5934038708695161,1,1
383,Pierre Hugues Herbert,Richard Gasquet,0.07598628508226185,0.02594950919397207,0.021180044529982237,0.04910247700668896,-0.1695344129554656,-0.15235023942147952,-0.3092105263157895,-0.2619047619047619,0.07272727272727274,0.6584573004116282,0.3415426995883718,0,1
393,Peter Gojowczyk,Steve Johnson,-0.0046647759799438035,0.008687464220618134,0.014429842028408356,0.03441062006799059,0.026588235294117663,0.04917417417417413,0.07058823529411762,0.032828282828282866,0.0,0.4909337985611144,0.5090662014388856,1,1
398,Hyeon Chung,Francis Tiafoe,-0.04306995111636203,0.010583499486954223,0.008634203080039482,-0.001562944018187018,0.09449591708542716,0.032352315164180245,0.1425438596491228,0.2828282828282829,0.0,0.3952301472130454,0.6047698527869546,1,0
399,Jack Sock,Reilly Opelka,-0.1051251882183308,-0.002725082103722118,-0.02415732324125497,0.04615384615384616,0.1263570961412688,0.10124074653320823,0.5306122448979591,0.2828282828282829,0.0,0.35199005083502655,0.6480099491649735,1,0
406,Francis Tiafoe,Juan Martin Del Potro,-0.017091055663861834,0.005857815886745488,-0.04816076457307883,0.0697777777777778,-0.04296101485148512,6.642973394893614e-05,-0.3984962406015038,-0.4415584415584416,0.1,0.7085870141280932,0.29141298587190684,0,1
412,Donald Young,Ramkumar Ramanathan,-0.07000087688347263,-0.011488217400291037,-0.08115661097312478,0.16971961115128145,0.04891183655340883,0.06865222038674572,0.058823529411764726,0.525,0.0,0.4387173574193093,0.5612826425806907,1,1
418,Taylor Harry Fritz,Sam Querrey,-0.0651655483952135,-0.0076249649923839655,-0.06940379595724877,0.0024172885531177635,-0.062440601305557286,-0.03899729634418714,-0.08991228070175439,-0.027906976744186074,0.05,0.5770994513044658,0.4229005486955342,0,1
420,Franco Skugor,Alexander Bublik,-0.08812030743258252,-0.05007441467857302,-0.052995918118679215,-0.1076555023923445,-0.10145888594164457,-0.05714285714285716,-0.26666666666666666,-0.11428571428571432,0.05,0.6130621192321482,0.38693788076785185,0,1
423,Lucas Pouille,Karen Khachanov,0.004377787186507026,0.00419414481960026,0.016297253798679526,-0.024742155591375714,0.04036992286662763,0.0545209176788124,0.3088235294117647,0.17391304347826092,0.04375,0.39737689547954047,0.6026231045204595,1,0
424,Karen Khachanov,Tomas Berdych,-0.004484944033829583,0.011616165459226554,-0.049430056755854435,0.07913139492086863,-0.01696829293090676,-0.05205836373110995,-0.3796296296296297,-0.18633540372670812,0.07500000000000001,0.6448026583385824,0.35519734166141753,0,1
429,Nicolas Mahut,Ilya Ivashka,-0.048326973692495626,-0.013970745652146538,-0.017659353533202027,-0.0029239766081871066,-0.032636815920397994,-0.13784461152882205,-0.4583333333333334,0.3928571428571429,0.0,0.5114806316799421,0.488519368320058,0,0
432,Stefano Travaglia,Tomas Berdych,-0.01656528372654817,0.02635426682453533,-0.05522353098648103,1.0738866396761133,0.8584710743801653,0.03579588728103583,-0.29629629629629634,0.10204081632653067,0.1,0.47597003098202983,0.5240299690179702,1,0
433,Damir Dzumhur,Thomas Fabbiano,0.011758819153989492,-0.005181076146714689,0.02275126837153241,-0.2256586347759162,0.03403820367968702,0.1749752002487378,0.4492307692307693,0.3857142857142857,0.0,0.3045775253436839,0.6954224746563161,1,1
435,Pierre Hugues Herbert,Lucas Pouille,0.015245098093746634,0.004183083226019388,-0.011571310984962445,0.023678002353309413,-0.15177266081871346,-0.16894586894586894,-0.2430340557275542,-0.2971014492753624,0.07272727272727274,0.6579168247022128,0.3420831752977872,0,0
439,Karen Khachanov,Ruben Bemelmans,0.024188775321343448,0.017710855772833087,0.03332004517972231,-0.0634365634365634,-0.03453027640198117,0.07606516290726817,-0.25,-0.12698412698412706,0.0,0.5774612540322033,0.42253874596779667,0,1
441,Filip Krajinovic,Joao Sousa,0.03595137412606196,-0.00814652228302162,0.01751961183357109,-0.1186813186813187,-0.036905656420920224,0.1191483361534123,0.2976190476190476,0.30952380952380953,0.0,0.3818108458202235,0.6181891541797765,1,1
442,Maximilian Marterer,Gilles Simon,0.044022041727011366,-0.014024778844562224,-0.014623026644836725,-0.0318149592343141,-0.16373262451522946,-0.1195465475781518,-0.43478260869565216,-0.5,0.0,0.7250885625642208,0.27491143743577917,0,0
446,Laslo Djere,Ilya Ivashka,-0.0915477302031924,-0.01191587746209595,-0.07302244939316838,-0.009311740890688258,-0.0018604651162790478,-0.07074504442925494,-0.5,0.5555555555555556,0.0,0.49612059801303876,0.5038794019869612,1,0
453,Dominic Thiem,Fernando Verdasco,0.026200769728798232,-0.0050659756567627634,0.04867905945905582,-0.042625107753731684,0.029557515022018917,-0.011563448466149928,0.2265795206971677,0.01073345259391778,0.04000000000000002,0.43041279190124637,0.5695872080987536,1,0
454,Marin Cilic,Gael Monfils,0.04219975651007493,-0.005957848540518472,0.07560915522501566,-0.10057584561112264,-0.06968146523871571,-0.02252684546350575,0.34920634920634924,0.10383597883597884,0.05555555555555556,0.4005098947923097,0.5994901052076903,1,0
463,Jiri Vesely,Federico Delbonis,0.03647373361165614,0.010559654681292977,0.01167146007496167,0.029749518304431618,0.0061538461538461755,0.03394482160912898,0.09999999999999998,0.8,0.06666666666666668,0.31694265963481794,0.6830573403651821,1,0
466,Guillermo Garcia Lopez,Nicolas Jarry,-0.05111613125550408,0.02537958837835201,-0.0116327316914141,-0.017315470171890834,-0.07142857142857145,-0.02808573540280856,0.25,0.26666666666666666,0.0,0.4364153936204236,0.5635846063795764,1,0
474,Victor Estrella,Nicolas Kicker,0.012686945351262809,-0.002259843726060973,0.028128076379455358,-0.04433497536945813,-0.11099071207430343,-0.1152292152292152,-0.017094017094017144,-0.09401709401709403,0.0,0.546782523525305,0.45321747647469507,0,0
476,Juan Martin Del Potro,Kevin Anderson,-0.058325933325933325,-0.0038318163318163297,-0.03314397851683537,0.054325167037861916,0.028855608672995414,0.032825480106279226,0.13364055299539168,0.06312292358803984,0.0,0.4946992362408512,0.5053007637591488,1,1
477,Jared Donaldson,Kevin Anderson,-0.08198704280793834,0.01112227324913892,-0.04365829053558323,0.11314131053561975,0.008607756073165941,0.019315770002141908,-0.06451612903225812,-0.16544850498338876,0.07142857142857144,0.5997196168598948,0.4002803831401051,0,0
480,Kevin Anderson,Hyeon Chung,0.1184869401061572,-0.012609499041883382,0.07267054000987473,-0.1225400007974527,-0.08039051090693744,-0.06524422500440841,0.1223118279569893,0.09560723514211887,0.057142857142857134,0.4287063556695684,0.5712936443304316,1,1
481,Juan Martin Del Potro,Dominic Thiem,0.033141229343761,-0.008836882254603776,0.009536426834194422,-0.012815752461322076,-0.04582743988684584,-0.017035117702188685,0.18928571428571428,0.07494145199063229,0.045000000000000005,0.46512444428132316,0.5348755557186768,1,1
484,Jared Donaldson,Matthew Ebden,0.02378450241179561,-0.01419607941757095,0.039034607041171454,0.04029680648118325,0.006658904009897382,0.007175942592459295,0.016129032258064502,-0.11428571428571427,0.0,0.5283700047506323,0.4716299952493677,0,1
485,Hyeon Chung,Ernesto Escobedo,-0.02513717289761681,0.012977562979847458,0.014887919793811209,0.01206389036336436,0.16226481243426435,0.1092263047838518,0.10119047619047616,0.16666666666666669,0.025,0.40859340457316407,0.5914065954268359,1,1
488,Dominic Thiem,Denis Shapovalov,-0.028925837758901483,-0.013056652319189371,0.0016044747628346512,0.004149085794655394,0.15030368583076795,0.06347917850474878,-0.0013157894736841589,0.14170040485829966,0.0,0.435828498214999,0.564171501785001,1,1
490,Peter Gojowczyk,Alexander Zverev,-0.010583707275242963,0.006449468989365471,0.03014437594529351,0.06610264823060699,-0.01098450536352802,-0.006259780907668266,-0.06666666666666665,-0.17578772802653395,0.1,0.567101750806189,0.43289824919381104,0,0
492,Alexander Bublik,Thanasi Kokkinakis,0.05786858676302574,0.020714323670855808,-0.007150801696900522,0.033699059561128515,0.044328552803129084,-0.05026455026455024,-0.06666666666666665,-0.061538461538461535,0.0,0.5200090628673613,0.4799909371326387,0,0
499,Juan Martin Del Potro,Mischa Zverev,0.033072678861015795,-0.0027717263138429434,0.042179266996132836,-0.027834609494640145,0.06462784103831515,-0.03479833491838297,0.2406015037593985,0.06938775510204076,0.028571428571428567,0.4055370883779146,0.5944629116220854,1,1
502,Dominic Thiem,Cameron Norrie,0.017536842917045076,-0.018895044757898775,0.10459159959290942,-0.5569620253164558,0.08959664439350337,0.12206185567010308,0.025000000000000026,0.4153846153846154,0.0,0.26186456897621024,0.7381354310237898,1,1
503,John Isner,Ryan Harrison,0.12808517790142634,-0.019233426619636212,0.07443476371537205,-0.16507957692436026,-0.10796080832823024,-0.027360515021459253,0.0892857142857143,0.23423423423423415,0.04000000000000002,0.40729127258717024,0.5927087274128298,1,0
506,Roberto Bautista Agut,Lucas Pouille,-0.06314315828156025,-0.01874216674291726,-0.04812826811608217,0.016993823808709146,0.08690228901922448,-0.007583196944899062,0.16844919786096255,0.0644804716285925,0.05500000000000002,0.45736947734761535,0.5426305226523847,1,1
513,Malek Jaziri,Robin Haase,-0.03771986856855412,0.0052592809894327006,-0.015347388964841668,0.07020558268523541,0.005655000445275614,0.00576923076923075,0.0,-0.13520408163265307,0.016666666666666666,0.5636166051329491,0.4363833948670509,0,1
515,Pierre Hugues Herbert,Roberto Bautista Agut,0.07838825637530689,0.022925249968936648,0.036556957131119734,0.0066841785446002675,-0.23867494983793794,-0.16136267200096988,-0.4114832535885168,-0.3615819209039549,0.08333333333333334,0.7020555554162649,0.2979444445837351,0,0
521,Grigor Dimitrov,Malek Jaziri,0.0431151729131491,0.00205946571446132,0.05313969476570102,-0.1497612952328236,0.02520964397181941,0.009321223709368998,0.28,0.3836206896551724,0.025,0.3221221146188603,0.6778778853811397,1,0
522,Quentin Halys,Robin Haase,0.01719835963785774,0.028512005742334645,0.010679699295446321,0.024905400756793983,-0.09618874773139743,0.05012406947890818,-0.16666666666666669,-0.22448979591836735,0.1,0.6229331444832085,0.3770668555167915,0,0
524,Roberto Bautista Agut,Florian Mayer,-0.016839299512923588,0.0065185385475026655,0.00625564306649451,-0.02780722026260765,0.17118768328445744,0.03425829489659277,0.6161616161616161,0.31991525423728817,0.020000000000000004,0.281862324384225,0.718137675615775,1,1
528,Thomas Fabbiano,Filip Krajinovic,-0.07301123598593474,0.021525219477541085,-0.09091259553388142,0.3925759280089989,0.10741237632064396,-0.21390916463909165,-0.4835164835164835,-0.5,0.0,0.7466947989396748,0.2533052010603251,0,0
530,Yannick Maden,Damir Dzumhur,0.010684053009839241,-0.03109649600209307,0.03900286259541985,-0.07644110275689225,-0.12912727445484348,-0.15551048005409066,-0.18000000000000005,0.07017543859649122,0.0,0.5310481068438677,0.46895189315613234,0,0
532,Jan Lennard Struff,Andreas Haider Maurer,0.03330744241713686,-0.020598422119635574,0.17021571515204026,-1.2422839506172842,0.06962025316455697,0.16716417910447762,0.5161290322580645,0.5102040816326531,0.0,0.11020367608059645,0.8897963239194036,1,1
543,Guido Pella,Nicolas Jarry,-0.036910913205407014,-0.0033897967800972685,-0.017543501796557615,-0.0988372093023256,-0.07261607885049283,-0.021390374331550777,0.4615384615384616,0.4827586206896552,0.0,0.33969888188175834,0.6603011181182417,1,0
544,Gael Monfils,Horacio Zeballos,0.03160031264571085,0.018771617695937385,0.003878395151296732,0.08058287795992716,0.217677357918885,0.041121438180261705,-0.12698412698412706,0.0714285714285714,0.028571428571428567,0.45432156420126724,0.5456784357987328,1,0
546,Leonardo Mayer,Carlos Berlocq,0.048700183457590064,0.00014930325149303117,0.06288515406162465,-0.10434843793976922,-0.0006596306068601399,-0.020353982300884917,0.308695652173913,0.1384615384615384,0.03333333333333333,0.37962493287671206,0.6203750671232879,1,1
547,Pablo Cuevas,Sebastian Ofner,-0.006195885475254667,-0.001815019930600327,0.0071107596950442655,-0.12118780096308188,-0.1661904761904762,0.07804539138490041,-0.16666666666666666,-0.1339285714285714,0.05,0.6065818189085691,0.3934181810914309,0,1
550,Thiago Monteiro,Guilherme Clezar,0.002464022301713914,0.023276092708013358,0.09448442038552952,-0.06730769230769229,0.0941119221411192,0.1463963963963964,0.43478260869565216,0.26666666666666666,0.0,0.32128892684340926,0.6787110731565907,1,0
556,Sebastian Ofner,Marco Cecchinato,0.04057556343430574,0.000331736849743941,0.06776098581725187,-0.0989974937343358,0.1564935064935065,-0.047899159663865536,0.55,0.4047619047619048,0.0,0.24461551945427362,0.7553844805457264,1,1
558,Guillermo Garcia Lopez,Gerald Melzer,-0.016671253313248653,0.025336978354610237,0.02380222855450353,0.08615136876006438,0.021505376344086,-0.053789198606271786,-0.2954545454545454,-0.2285714285714285,0.07500000000000001,0.6098209563386604,0.3901790436613396,0,1
561,Roger Federer,Borna Coric,0.05178002654280027,-0.007612806901128069,0.0869275546342545,-0.08961920060474345,0.14586278586278584,0.0287132012590261,0.4952978056426332,0.4650455927051672,0.007692307692307694,0.24566929359388034,0.7543307064061197,1,1
568,Pablo Cuevas,Hyeon Chung,0.01772699922993725,0.0005625504673754321,0.008025844516368119,-0.0402597775798155,-0.1100167504187605,-0.015870679716437297,-0.10539215686274506,-0.11805555555555558,0.018181818181818184,0.5807963267147271,0.4192036732852728,0,0
582,Jack Sock,Feliciano Lopez,-0.04587179388971875,0.01283516539635119,-0.04185571707466185,-0.014971209213051813,0.008368701557129543,0.013723214976405995,0.3098330241187384,0.07727272727272727,0.023809523809523808,0.45130763700549736,0.5486923629945026,1,0
592,Fabio Fognini,Jeremy Chardy,-0.06900027616680475,-0.0008862443825161313,-0.039947682619537295,0.056142056670117214,0.08916583212788842,0.018016141629783933,0.16614420062695928,0.16715116279069764,0.022222222222222227,0.44463430466152554,0.5553656953384745,1,0
594,Dusan Lajovic,Hyeon Chung,-0.009627130868422741,-0.02804154186553789,-0.03670092557153415,-0.04473335227810929,-0.1060951817913095,0.00679694137638065,0.01785714285714285,-0.12698412698412706,0.025,0.5768023333090173,0.42319766669098263,0,0
598,Taylor Harry Fritz,Andrey Rublev,0.0456109851419988,-0.010544075369241998,0.03683871977190945,-0.1635100792309196,-0.12985292932084902,-0.06493837654058647,0.06547619047619048,0.0482758620689655,0.03333333333333333,0.4778447194745966,0.5221552805254034,1,1
610,Kyle Edmund,Dudi Sela,0.03733533157139077,0.0015738968320625074,0.04367463645200498,-0.0936046976568837,-0.057717023016707565,-0.048035209846650495,0.08928571428571436,0.07352941176470584,0.025,0.45796291615506735,0.5420370838449327,1,0
617,Pierre Hugues Herbert,Gilles Muller,-0.06431603220829071,0.003651775555061965,-0.06005003654354313,0.10762887786875794,-0.05706987098983901,-0.0978835978835979,-0.2556390977443609,-0.30496453900709225,0.06,0.6738776959076205,0.3261223040923796,0,1
620,Ryan Harrison,Federico Delbonis,0.05883028338928671,0.0022211549035208587,0.032269456066945645,0.011162790697674452,-0.014647887323943646,-0.016304347826086973,-0.0357142857142857,-0.19047619047619047,0.05555555555555556,0.5484911674997026,0.45150883250029733,0,0
623,Maximilian Marterer,Ivo Karlovic,-0.15544732932268024,-0.037812655209243935,-0.15874680581255918,0.20789281808239152,0.046632008246313805,0.026164079822616426,-0.4,-0.3333333333333333,0.1,0.7269599234275523,0.2730400765724476,0,1
624,Dusan Lajovic,Lukas Lacko,-0.05465492142847386,-0.010504904744342515,-0.04512043031081059,0.02729299980608882,0.07016042780748663,0.06279664110989414,0.0146520146520146,0.17857142857142855,0.05,0.47124054345590105,0.528759456544099,1,1
625,Denis Shapovalov,Ricardas Berankis,0.06684252653188212,0.01535192803218661,0.0942069501435706,-0.2033333333333333,-0.12408963585434175,-0.042369703787026584,0.02631578947368418,-0.02631578947368424,0.0,0.47619358304725823,0.5238064169527418,1,1
629,Borna Coric,Donald Young,0.021186111994539118,-0.01839361759892024,0.02455275457847339,-0.09303345130722687,-0.018318926213663045,-0.047765302426657004,-0.14503042596348886,-0.025000000000000026,0.05333333333333334,0.5127670451878703,0.4872329548121297,0,1
630,Horacio Zeballos,Yuichi Sugita,0.027991825754157658,-0.003240746121829653,0.039400833507212685,-0.0919567354965585,-0.13769799775376632,-0.056410256410256376,-0.18060200668896315,-0.0714285714285714,0.0,0.5696903965745095,0.43030960342549057,0,1
634,Ernesto Escobedo,Francis Tiafoe,-0.017932778218745227,-0.002394063492893235,-0.006253716713771729,-0.013626834381551378,-0.0677688953488372,-0.07687398961967158,0.041353383458646635,0.1161616161616162,0.0,0.49666714801181133,0.5033328519881887,1,1
640,Alex De Minaur,Jan Lennard Struff,-0.0666827044716442,-0.00864495504826989,-0.1450056311184268,0.3134645061728395,-0.02538948393378773,-0.06986688180718031,-0.1827956989247312,-0.31020408163265306,0.0,0.7180569010500355,0.28194309894996455,0,1
646,Laslo Djere,Tim Smyczek,-0.02948387476818138,0.007249600347753314,-0.017172174260544515,-0.11520146520146525,0.0064153969526864465,0.043290043290043316,0.375,0.3555555555555556,0.0,0.35519576678874265,0.6448042332112573,1,0
656,Kevin Anderson,Francis Tiafoe,0.07541698898979518,-0.0020259995549291587,0.0813047430899142,-0.12410294481563973,0.01410540617848971,-0.03289190984022816,0.2648556876061121,0.37843551797040176,0.0,0.32152678992288874,0.6784732100771113,1,1
657,Nick Kyrgios,Alexander Zverev,0.07524600054088912,0.0035807901142108217,0.047680644344225816,-0.05080377189043557,-0.059217515072265886,-0.08551651204153249,0.043859649122807036,-0.05634328358208951,0.05555555555555556,0.4943905203736645,0.5056094796263355,1,0
670,Jack Sock,Borna Coric,0.00953056710874932,0.016134255240453203,0.015984423834144224,-0.0063157894736841904,0.0031289729131455672,-0.012435142794855024,0.25967628430682616,0.22448979591836726,0.03333333333333333,0.4054159069432005,0.5945840930567995,1,0
671,Juan Martin Del Potro,Kei Nishikori,0.07225232075531476,0.0023315562237717948,0.042870690498364894,-0.04835103926096998,-0.09416182997610106,-0.042434401928458654,0.0,0.03781512605042015,0.042857142857142864,0.5001323197749755,0.4998676802250245,0,1
672,Benoit Paire,Filip Krajinovic,0.012702176897027587,0.035361999740015,0.023351173629986618,0.14942528735632182,0.07294069499218694,-0.10061728395061732,-0.2285714285714286,-0.1957671957671958,0.0,0.5839595772936448,0.4160404227063553,0,0
676,Michael Mmoh,Hyeon Chung,0.025576523526539087,0.006968593967768562,-0.09053605699377633,0.12854707100231402,-0.2062486344767315,-0.1447182101387709,-0.4583333333333333,-0.5555555555555556,0.1,0.7852504187587447,0.21474958124125532,0,0
681,Steve Johnson,Adrian Mannarino,0.04753044317832719,0.012009933885961676,0.0742130708896519,-0.0752302765954643,-0.09371748699479797,-0.04454454454454454,-0.031563845050215256,0.3081232492997198,0.042105263157894736,0.4320267241967558,0.5679732758032442,1,1
687,Daniil Medvedev,Alexander Zverev,-0.016197268348798796,0.003429608445601043,-0.032236566048919,0.08571462801006349,-0.038068842712925634,-0.052102826750714086,-0.18279569892473116,-0.2185227707615768,0.07333333333333332,0.6248531257096352,0.3751468742903648,0,0
690,Sam Querrey,Radu Albot,0.13315078970203667,0.00816448695281334,0.13923495926211624,-0.17362345654184932,0.013120407857249938,0.07862860754160522,0.381578947368421,0.3235591506572295,0.0,0.29508525087881343,0.7049147491211866,1,1
696,Filip Krajinovic,Liam Broady,0.0426385308291948,0.0071829666325787045,0.08904022132368594,-0.10714285714285716,-0.1198501872659176,0.10353535353535354,0.04761904761904767,-0.3333333333333333,0.0,0.578365216954581,0.42163478304541896,0,1
709,Marin Cilic,Pierre Hugues Herbert,0.03043721388254145,-0.011031703810949298,0.05798074371013062,-0.056395791880106676,0.19085345048195854,0.13037605743939715,0.2296650717703349,0.3630952380952381,0.02666666666666667,0.3090401645116335,0.6909598354883665,1,1
714,Nicolas Kicker,Francis Tiafoe,-0.06082877459241703,-0.0006331167368126973,-0.04722967134646938,0.05227148330596604,0.03722426470588236,0.0533683707596751,-0.3157894736842105,0.2828282828282829,0.0,0.5257120839226856,0.4742879160773143,0,0
716,Nikoloz Basilashvili,Thomas Fabbiano,0.0149044335909074,-0.004282747050534386,0.013120372114920896,-0.21110874654181744,-0.019339102154596662,0.07655959844821564,0.2853598014888337,0.2275747508305648,0.03333333333333333,0.3745989728729553,0.6254010271270447,1,1
720,Ricardas Berankis,Radu Albot,0.005983757139219323,0.004475881261595546,-0.010950143469377172,0.032765957446808484,0.009890109890109909,0.03936822253653932,0.25,0.09565217391304348,0.03333333333333333,0.4543293349541361,0.5456706650458639,1,0
723,Mirza Basic,Yuki Bhambri,0.033198495493577465,0.0018238592009083843,0.02646299483648884,0.0163265306122449,-0.0055984555984556214,0.03989968080255357,0.06666666666666665,0.0,0.0,0.4983462961724556,0.5016537038275444,1,0
724,Robin Haase,Yuichi Sugita,0.05377091005127541,0.009228576696348929,0.058153567016597026,-0.07581638461936553,-0.07309941520467839,-0.058220211161387585,-0.06521739130434777,-0.05646258503401357,0.07500000000000001,0.5136750298258532,0.4863249701741468,0,1
725,Peter Gojowczyk,John Millman,0.04853023601552165,0.034926688074458014,0.12262281947631015,-0.3878218469405959,-0.1704705882352941,0.030158730158730107,0.09999999999999998,0.1805555555555556,0.1,0.38941482123094373,0.6105851787690563,1,0
730,Jeremy Chardy,Rogerio Dutra Silva,0.05488042215709352,0.011389737963019292,0.05737567944140709,-0.13617258057612466,-0.04576624925462136,0.042382745635056514,0.12121212121212123,-0.01704545454545453,0.014285714285714284,0.4626159839364077,0.5373840160635923,1,1
743,John Isner,Steve Johnson,0.1255346010622344,-0.01756442852989899,0.03474444113472697,-0.11854999085989044,-0.11202046035805624,-0.04763078529172954,-0.1636363636363637,0.14393939393939392,0.04736842105263158,0.4917069567924415,0.5082930432075585,1,0
744,Jack Sock,Taylor Harry Fritz,-0.0190504088422965,0.014728875988201988,-0.00585192350969288,-0.016027874564459917,-0.02828541437312781,-0.01910515786266015,0.5,0.05306122448979589,0.009090909090909092,0.421677102643516,0.578322897356484,1,0
745,Ivo Karlovic,Nick Kyrgios,0.05551318133146446,0.009054174155850185,0.029597858409179945,-0.04156868420100575,-0.13175748910361368,-0.0742786224014893,-0.07142857142857145,-0.21346153846153848,0.07500000000000001,0.5847268998629417,0.4152731001370583,0,1
750,Taylor Harry Fritz,Ryan Harrison,0.0038832896647431063,-0.011892323436905584,0.011115008431703209,-0.03513491613321451,0.020199488747431188,0.006215469613259693,-0.3,0.16756756756756752,0.06666666666666668,0.504286511179761,0.495713488820239,0,1
760,Taro Daniel,Ivo Karlovic,-0.20314521505537986,-0.019344413599645324,-0.1807251860944024,0.4988705319573016,0.2726143520233607,0.07099567099567099,-0.05357142857142855,-0.12820512820512825,0.07500000000000001,0.6325202718767361,0.3674797281232639,0,0
762,Nicolas Kicker,Donald Young,-0.01909630836155611,-0.014368786437176604,-0.024434789030882698,0.030700020302832757,0.046955624355005166,0.01615078148942689,0.5555555555555556,-0.525,0.06666666666666668,0.5311104247597921,0.4688895752402079,0,1
764,Kyle Edmund,Richard Gasquet,0.03036680972818312,0.011516206826078068,0.01833071443031631,0.0039002031733746108,-0.050594515894200436,-0.01693637519405594,-0.07142857142857145,-0.1050420168067227,0.08181818181818183,0.5520147278848959,0.44798527211510414,0,1
766,Gilles Simon,Richard Gasquet,-0.0022836273599504825,0.008669018879603835,-0.040447569942337565,0.11519837269585255,-0.02131817374311601,0.025010219629120367,-0.14285714285714285,-0.21685971685971686,0.04375,0.6273358962969282,0.3726641037030718,0,0
768,Mirza Basic,Joao Sousa,0.010312104198567082,0.004045445093480031,0.008127713531702163,-0.061538461538461535,0.02103976894023546,0.033231023491913585,-0.4827586206896552,0.26190476190476186,0.05,0.512288190780303,0.487711809219697,0,0
770,Richard Gasquet,Guillermo Garcia Lopez,-0.001082993197278906,-0.032207856045644065,0.028356826153133508,-0.12644361413043476,0.06959706959706963,0.045755840144153404,0.25,0.32857142857142857,0.014285714285714284,0.3425171242237296,0.6574828757762704,1,1
775,Mirza Basic,Robin Haase,-0.02887177817539935,-0.002843488915912309,-0.014712487299905375,-0.033918128654970736,0.025814536340852123,0.07262969588550983,-0.4705882352941176,0.15646258503401356,0.1,0.5496594447613802,0.4503405552386198,0,1
780,Paolo Lorenzi,Mischa Zverev,-0.02194670684357349,0.0007726788194400425,-0.019096870017362155,0.037467128262073934,0.0063963840898034205,-0.048030201091425584,0.15109890109890106,0.0847723704866562,0.08888888888888889,0.470206163386668,0.529793836613332,1,0
783,Kyle Edmund,Jiri Vesely,-0.005233694177082693,-0.01607522678440316,0.036506792614081074,-0.060771190131057,0.0109439456442611,-0.030576045948533137,-0.17142857142857146,0.11538461538461535,0.05555555555555556,0.4826355736966502,0.5173644263033498,1,1
787,Dominic Thiem,Rafael Nadal,0.025752135399695158,0.016538253941350237,0.0074225459187025064,0.07601937237082433,-0.12683654526166904,-0.008302289988160183,-0.1451851851851852,-0.2502870264064293,0.06538461538461539,0.642405076677188,0.35759492332281195,0,0
790,Marin Cilic,Kei Nishikori,0.10777904242334076,0.012493998451431412,0.08392800753220031,-0.058566229134387686,-0.05029899960878553,-0.037825823197716664,0.07189542483660127,0.01995798319327724,0.06666666666666668,0.456927184628094,0.543072815371906,1,0
793,Philipp Kohlschreiber,Grigor Dimitrov,-0.034062236606615816,-0.02053038077274887,-0.016339914546953827,0.037593708207059866,-0.010291629145102066,0.031409113369282704,0.2222222222222222,-0.13071371291098632,0.05500000000000002,0.5229151753149894,0.47708482468501057,0,0
799,Karen Khachanov,Gilles Simon,0.05864702716195867,0.008903262268748588,0.05690167165860272,-0.06503174245109727,-0.03681350126026375,-0.06293550778354334,0.25155279503105593,0.07814336075205636,0.05,0.41871586779799963,0.5812841322020004,1,1
803,Albert Ramos,Philipp Kohlschreiber,-0.01650614643072517,0.0032866931317946588,-0.07747149613015958,0.07854747280785973,0.02257539629747124,-0.02308043379045055,-0.03809523809523807,-0.052910052910052914,0.03181818181818182,0.5593034295613462,0.4406965704386538,0,0
806,Mischa Zverev,Lucas Pouille,-0.02291708855275372,-0.014239336498746584,-0.03682715130480008,0.0053320098412605885,-0.0694098817423856,-0.008380055318830792,-0.30288461538461536,-0.05272108843537415,0.07500000000000001,0.609057467707045,0.390942532292955,0,1
813,Fernando Verdasco,Marin Cilic,-0.09486872074058524,0.003740415683706921,-0.09927280332708566,0.06565605008847147,-0.02759290550248861,0.023989987437596616,-0.1895424836601307,0.10465116279069764,0.056521739130434775,0.5823108670416451,0.41768913295835486,0,0
818,Borna Coric,Julien Benneteau,-0.026061555118753937,-0.023731710950358424,-0.035634874597121564,-0.0358717105263158,-0.03777118280935071,-0.004764890282131618,0.6,-0.025974025974025983,0.0,0.432627286883266,0.567372713116734,1,1
820,Paolo Lorenzi,Pierre Hugues Herbert,-0.06010889349007385,-0.017649740905325933,-0.04435271033719978,0.01912113575002511,0.08875916316613128,0.11253561253561256,0.2023809523809524,0.036231884057971016,0.04444444444444445,0.46784039258473276,0.5321596074152672,1,0
825,Denis Shapovalov,Stefanos Tsitsipas,0.008084477857867077,0.023886250852223716,-0.019884989224611904,-0.0599290780141844,0.03173609869479707,0.005249343832021025,0.0,0.4736842105263158,0.0,0.3871478694065247,0.6128521305934753,1,0
827,Guido Pella,Diego Sebastian Schwartzman,0.02345075240561731,-0.0036467121459254938,0.027324169810602258,-0.09514637904468416,-0.1938151608929484,-0.06677509713562846,-0.12466843501326252,-0.4061302681992337,0.05833333333333333,0.6507518644230257,0.34924813557697426,0,0
830,Florian Mayer,Gilles Muller,-0.125864989070674,-0.02579201296137735,-0.10286263674115736,0.12875191958676532,0.010417395563641465,0.029220779220779206,-0.05555555555555558,-0.30496453900709225,0.08181818181818183,0.6514601967888154,0.34853980321118466,0,0
840,Martin Klizan,Rafael Nadal,-0.01287211706569378,0.017617333131092185,-0.07188404243918123,0.13451396473708846,-0.18289841065292092,0.008484021881003723,-0.46,0.18181818181818174,0.08888888888888889,0.6572501996612231,0.3427498003387769,0,0
844,Rafael Nadal,Guillermo Garcia Lopez,0.010920419356042238,-0.03515386457702737,0.04950132460651402,-0.186725359039937,0.21971726190476196,0.04451048712167793,0.71,0.6656716417910447,0.014285714285714284,0.17110485226862748,0.8288951477313725,1,1
850,Grigor Dimitrov,Malek Jaziri,0.0431151729131491,0.00205946571446132,0.05313969476570102,-0.1497612952328236,0.02520964397181941,0.009321223709368998,0.4444444444444444,0.3836206896551724,0.025,0.29761119357036925,0.7023888064296308,1,1
855,Marcel Granollers,David Goffin,-0.018706070532500826,-0.010275190834708865,-0.07463696775781448,0.1372053872053872,-0.12131211180124228,-0.09822262705530643,-0.5527950310559007,-0.5434782608695653,0.08095238095238096,0.7789922025395015,0.22100779746049842,0,0
858,Diego Sebastian Schwartzman,Stefanos Tsitsipas,-0.06675944901229203,0.00432253615618769,-0.10843932490273957,0.06855063436383307,0.28178672135349914,0.10599078341013828,0.5862068965517241,0.2406015037593985,0.0,0.3245435624946419,0.6754564375053581,1,0
863,Pablo Cuevas,Adrian Mannarino,0.01548558240272952,0.016185227139428087,0.03870358473039381,-0.04390842504889367,-0.09646258503401364,-0.03824001166520852,0.2500000000000001,0.11764705882352933,0.030769230769230767,0.4488460273767696,0.5511539726232304,1,0
864,Ernesto Escobedo,Malek Jaziri,0.015190297876589078,-0.011613524485999734,-0.01938959248891625,-0.03997276794397975,-0.0768504308818321,-0.06678082191780821,0.42857142857142855,0.013888888888888895,0.05,0.4482939294817031,0.5517060705182969,1,0
865,Grigor Dimitrov,Gilles Simon,0.06608144581068072,0.013223086870072629,0.09666584711638172,-0.16591408158847,-0.009895454444377394,-0.05229849460049013,0.08730158730158727,0.380242311276794,0.040909090909090916,0.34140268495606374,0.6585973150439363,1,1
868,Martin Klizan,Federico Delbonis,4.525194017696022e-06,-0.0023604543294793727,-0.02089200572707428,0.03931034482758622,0.03491408934707907,0.02754381971318004,0.0,1.0,0.03333333333333333,0.298648852205437,0.701351147794563,1,1
870,Leonardo Mayer,Mischa Zverev,0.008004065557108364,0.0014971529550363225,0.0025447724216040024,-0.011235679013356705,0.029479326186830024,-0.019825072886297368,0.3153846153846153,0.1360544217687074,0.06,0.4070506936087023,0.5929493063912977,1,1
875,Benoit Paire,Nicolas Jarry,0.01567305830247541,0.028071634826091426,0.053180650466854384,-0.056554779088860925,-0.023099968464206862,0.033221099887766566,0.4444444444444444,0.5185185185185185,0.0,0.30875974266510486,0.6912402573348951,1,1
876,Malek Jaziri,Tennys Sandgren,-0.002940185512647152,0.02435136149640236,0.006379227274218691,-0.09587628865979386,0.07384968069428521,0.00833333333333336,0.0,0.125,0.0,0.4360577173899123,0.5639422826100877,1,1
883,Marco Cecchinato,Jan Lennard Struff,-0.07060212840747503,-0.006647954691958628,-0.12434864104967205,0.25397985705003245,0.04174338319907939,0.004264392324093813,-0.3,-0.34353741496598644,0.1,0.7067227382036396,0.2932772617963604,0,1
887,Mikhail Youzhny,Andreas Seppi,-0.04605597612881203,0.010776606345298671,-0.06042048455923388,0.08768456434894323,0.015439757375241225,-0.02786553772273476,-0.2571428571428572,-0.2333333333333333,0.014285714285714284,0.6386275694953059,0.3613724305046942,0,0
890,Damir Dzumhur,Marco Cecchinato,-0.00016550276115405438,-0.0073604659930998064,0.013213046495489269,-0.14636591478696734,0.11857008970411036,0.1174152419588525,0.0222222222222222,0.43333333333333335,0.0,0.3475443692198903,0.6524556307801097,1,0
892,Viktor Troicki,Maximilian Marterer,0.006681118541644007,0.023346418139056056,0.06533882312022565,-0.012469099898211378,0.09668934558462512,0.04600375234521576,0.5454545454545454,0.5714285714285714,0.0,0.25643474122612775,0.7435652587738723,1,0
897,Paolo Lorenzi,Nikoloz Basilashvili,0.018814188128984548,-0.008480606891729041,0.04151417523659462,-0.051022586567610266,-0.07463936233048962,-0.018633339792029968,0.10714285714285716,-0.07229524772497475,0.08000000000000003,0.5051482296988338,0.4948517703011662,0,0
906,Simone Bolelli,Francis Tiafoe,-0.06754252117075486,-0.02528123219057773,-0.08737137984152787,0.4914529914529915,0.31781250000000005,0.014906832298136663,0.5,0.060606060606060615,0.1,0.43027206216318825,0.5697279378368117,1,0
914,Nicolas Kicker,Pablo Carreno Busta,-0.010041371394532005,0.013865228777636924,-0.015174162706354187,0.0405755768732175,-0.061497326203208524,0.008133669609079464,-0.13409961685823754,0.015555555555555543,0.07500000000000001,0.5638959756631443,0.43610402433685563,0,0
916,Robin Haase,Cameron Norrie,0.03818380907016405,-0.017913931122083268,0.0944505265940112,-0.543859649122807,0.004234724742891688,0.08923076923076922,0.4705882352941176,0.175,0.0,0.2683027750416703,0.7316972249583297,1,0
918,Gilles Simon,Pedro Sousa,-0.008004839481162603,-0.011718859908274952,0.013551940820871857,0.08623394450436317,-0.1511258660508083,-0.0883802816901409,-0.3928571428571429,-0.6216216216216216,0.0,0.7569447798136891,0.24305522018631087,0,0
921,Simone Bolelli,Joao Domingues,0.000996533795493932,0.003255756375340432,-0.036004601711735584,0.5073260073260073,0.30418604651162795,0.007142857142857174,-0.16666666666666666,-0.16666666666666669,0.0,0.5881780566392987,0.41182194336070127,0,1
923,Leonardo Mayer,Nicolas Jarry,-0.006370960459913117,0.0021959747569503672,0.015193071093468012,-0.12423827882104214,-0.059523809523809534,0.0060606060606061,0.7,0.5384615384615384,0.0,0.2761594067806631,0.7238405932193369,1,0
930,Taro Daniel,Rogerio Dutra Silva,-0.02114963744383937,-0.00889813689857933,-0.030573778647726257,0.20566876053316985,0.08580334039049636,0.039070116235470576,0.022058823529411745,-0.12121212121212123,0.0,0.5634367827637792,0.43656321723622077,0,1
933,Thiago Monteiro,Jiri Vesely,-0.017924759991830283,-0.018392996580123548,-0.008303297908200835,0.0379427893878761,-0.032041924012726965,-0.028852773038819564,-0.16521739130434782,-0.1333333333333334,0.05,0.5887029081332282,0.4112970918667717,0,0
934,Laslo Djere,Andreas Seppi,-0.05426932677833039,0.004916252215171783,-0.0761338451225998,-0.016625310173697283,-0.03573970415680844,-0.05020589166930628,0.2,-0.011111111111111072,0.0,0.5124513956628629,0.4875486043371371,0,1
935,Marco Trungelliti,Paolo Lorenzi,-0.033511277411709194,0.02740704570767061,-0.0685544359924064,2.1016982622432856,1.4873686563827409,0.10820512820512818,-0.2023809523809524,-0.036231884057971016,0.1,0.49689897575504005,0.50310102424496,1,0
939,Thomas Fabbiano,Damir Dzumhur,-0.011758819153989492,0.005181076146714689,-0.02275126837153241,0.2256586347759162,-0.03403820367968702,-0.1749752002487378,-0.2222222222222222,-0.3857142857142857,0.1,0.676858973938129,0.32314102606187106,0,1
941,Thiago Monteiro,Gerald Melzer,-7.850259709203666e-05,0.0023275593393238467,0.025679678615671442,0.062321937321937325,-0.00247793961003287,-0.02324646074646075,-0.11067193675889324,-0.33333333333333337,0.0,0.6102055039502301,0.38979449604976996,0,1
942,Jiri Vesely,Daniel Gimeno Traver,0.012833837238599141,-0.0723418997228521,0.1625404655464776,-0.2302504816955684,0.24615384615384614,0.425249169435216,0.6,0.38461538461538464,0.1,0.20867334324253128,0.7913266567574687,1,1
943,Denis Istomin,Laslo Djere,0.06715865884969835,-0.01561988887831963,0.06740447186507847,-0.015871470301850044,-0.0248062015503876,-0.010426193524785077,-0.23636363636363636,-0.03942652329749108,0.0,0.5400020921706158,0.4599979078293842,0,0
949,Jeremy Chardy,Nikoloz Basilashvili,0.07300738477209065,0.016619981325863675,0.07558732226392806,-0.0867264130971703,-0.08450215666757155,-0.025210820282553947,0.11688311688311688,-0.0043604651162790775,0.06666666666666668,0.46822306173129025,0.5317769382687098,1,1
953,Alexander Zverev,Hyeon Chung,0.05569079130083408,-0.0013747475548383167,0.02782079675874105,-0.10327365728900254,-0.06969891172189913,0.03325874248606908,0.1333333333333334,0.17578772802653395,0.0071428571428571435,0.440532781287566,0.559467218712434,1,1
954,Philipp Kohlschreiber,Maximilian Marterer,-0.012002832522946441,0.006717484941885982,0.0949489592142646,-0.096505414147096,0.14354554092574998,0.09865716634694438,0.6666666666666666,0.5714285714285714,0.0,0.21504538061457712,0.7849546193854229,1,1
964,Mischa Zverev,Philipp Kohlschreiber,0.008088516591647069,0.006165364492278507,-0.04395415841694572,0.04387848518019771,-0.04566637654654226,0.004094735807645689,-0.282051282051282,-0.04081632653061218,0.05333333333333334,0.6037042407304587,0.39629575926954125,0,0
967,Daniel Masur,Jan Lennard Struff,-0.04644753903549435,-0.011478872566354765,-0.059348641049671975,0.02511223344556676,-0.15114199229499176,-0.03383084577114431,-0.5,-0.5102040816326531,0.0,0.7646000161321278,0.23539998386787223,0,0
968,Yannick Maden,Yuichi Sugita,-2.9962018735070484e-05,-0.02055923226733171,0.02367451345163141,-0.07640117994100293,-0.09290699867949444,-0.09411764705882353,-0.5,-0.5102040816326531,0.0,0.7045722325455039,0.2954277674544961,0,1
973,Maximilian Marterer,Dustin Brown,-0.006737073181694003,-0.04554561895085698,-0.04695170442654617,-0.002447552447552459,-0.05361748337179312,-0.051347881899871606,-0.3,-0.6,0.1,0.7097251107592752,0.29027488924072475,0,1
976,Casper Ruud,Marius Copil,-0.06990872519877743,-0.00809436280945729,-0.07598066738834564,-0.01792114695340499,0.04394208788417575,0.0502136752136752,0.2142857142857143,0.10087719298245618,0.1,0.46028405162350594,0.5397159483764941,1,1
977,Alexander Zverev,Dominic Thiem,0.028671013864371212,0.006229685564257618,-0.0021693379001038733,-0.04787457599073383,-0.06399144937480293,0.04864236968200958,-0.014814814814814725,0.09199902128700754,0.04827586206896552,0.5054092324993493,0.4945907675006507,0,1
981,Dusan Lajovic,Kevin Anderson,-0.12811407097457994,-0.01543204282365451,-0.10937146558140888,0.07780664851934341,-0.02570467088437206,0.07204116638078906,-0.225,-0.22259136212624592,0.06,0.6695994308683004,0.3304005691316996,0,0
984,Rafael Nadal,Diego Sebastian Schwartzman,0.020165953711562483,-0.010031191564503585,0.0827362645222598,-0.2003499989541864,0.027089608433734924,-0.028959971085208317,0.3737931034482759,-0.023217247097844118,0.022727272727272728,0.3724204331177726,0.6275795668822274,1,1
991,Leonardo Mayer,Alexander Zverev,-0.02059839782451764,-0.010797688549982127,-0.027928729840230537,0.0516577540106952,-0.016984505363528024,-0.05070422535211266,-0.10000000000000007,-0.19288174512055112,0.1,0.5892170060315205,0.41078299396847945,0,0
998,Philipp Kohlschreiber,Roberto Bautista Agut,0.03213755313715947,-0.0016625342481078294,0.05525527522822782,-0.05554029914764627,-0.11064579421506783,-0.004891594181577419,0.05555555555555547,-0.06700827749310212,0.05263157894736842,0.5224010415633492,0.4775989584366508,0,1
999,Mikhail Kukushkin,Kevin Anderson,-0.12689186355708473,-0.021945259857228637,-0.10745097222800516,0.1839875047001996,0.15127011903159432,0.12328893821679615,-0.25,-0.15116279069767447,0.07500000000000001,0.6241528477281288,0.37584715227187115,0,0
1002,Benoit Paire,Denis Shapovalov,0.0011907970433406162,0.008251004764227174,0.009493986395886613,0.07561576354679801,0.10575157215203963,0.08857781666180614,0.4444444444444444,-0.09868421052631576,0.0,0.4407330921518039,0.5592669078481961,1,0
1003,Milos Raonic,Grigor Dimitrov,0.0761266428927425,-0.003232536674898264,0.017587830357495227,-0.012673042810379814,-0.01732374992734953,-0.03451133777781007,0.2430555555555556,-0.04433497536945808,0.022727272727272728,0.4654093019862674,0.5345906980137326,1,1
1013,Julien Benneteau,Damir Dzumhur,0.06540333348906205,0.013804896009715855,0.08239139828040754,-0.06758693609022559,-0.10302532912118184,-0.10953346855983777,-0.2222222222222222,-0.14545454545454545,0.05,0.5620856596565504,0.4379143403434496,0,0
1021,Novak Djokovic,Kei Nishikori,0.014900898649794297,-0.002585051151851973,0.010863862375031895,-0.03624234360879605,0.04527066075900599,0.022243002115461263,0.04411764705882349,0.08215010141987822,0.042105263157894736,0.45643406421349275,0.5435659357865072,1,1
1026,Peter Gojowczyk,Albert Ramos,0.042613419128755284,0.02162298185486777,0.09413521592034192,-0.031459772421106924,-0.032762446657183475,0.05179454115624327,-0.6285714285714286,0.14814814814814814,0.1,0.5592286973236874,0.4407713026763126,0,0
1031,Rafael Nadal,Alexander Zverev,-0.05442314926406636,-0.02276793950560785,-0.005253208018598632,-0.028144796380090487,0.190827994636472,-0.0403400796938494,0.15999999999999992,0.26567164179104474,0.035,0.3550511417824298,0.6449488582175702,1,1
1032,Rafael Nadal,Novak Djokovic,-0.001541942637935681,-0.002784764311122692,0.01504785537043607,-0.07531231556167617,0.033231494413407836,-0.03933999635357105,0.21,-0.04341926729986434,0.05,0.44668165025449635,0.5533183497455036,1,1
1038,Denis Shapovalov,Rafael Nadal,0.05467797315859664,0.029594906260539608,0.0058180711558678535,0.07187028657616892,-0.277140231092437,-0.07178146849290895,-0.96,-0.1515151515151516,0.1,0.7744575220576216,0.22554247794237833,0,0
1048,Dominic Thiem,Fabio Fognini,0.03668523588452693,-0.018921866713755797,0.05761424577150441,-0.07292421543594918,0.02475585904455108,0.018828322735971348,0.2222222222222222,0.034693099504384366,0.03181818181818182,0.4208005477673379,0.5791994522326621,1,0
1057,Juan Martin Del Potro,Stefanos Tsitsipas,0.012299869442726595,0.0019927162784305653,-0.00874408762758283,-0.06859574468085107,0.13621234463871915,0.051693404634581115,0.7,0.4285714285714286,0.0,0.2570518649378666,0.7429481350621334,1,1
1060,Matteo Berrettini,Alexander Zverev,-0.08976645252777002,0.004291730227961241,-0.13267256285730833,0.3270588235294117,-0.266984505363528,-0.4507042253521127,-0.8,0.14023870417732315,0.1,0.7586307382207925,0.2413692617792075,0,0
1063,Denis Shapovalov,Tomas Berdych,0.0058330418760799965,0.020692782040030437,-0.038921588862871226,0.04055330634278004,-0.08585665671227169,-0.08715989709207139,-0.6666666666666666,-0.25358851674641153,0.05,0.71102738101615,0.2889726189838499,0,1
1071,Aljaz Bedene,Gilles Muller,-0.07531799515569433,-0.020559539690851968,-0.049353310944631024,0.10559727299673946,0.07905794855903317,0.019327731092436958,0.0444444444444444,-0.3882978723404256,0.07142857142857144,0.6053687314814291,0.3946312685185709,0,1
1074,Nicolas Jarry,Diego Sebastian Schwartzman,0.06036166561102432,-0.00025691536582822527,0.04486767160715988,0.003690830257641442,-0.12119908204245555,-0.04538472280407768,-0.5862068965517241,-0.5263157894736842,0.1,0.7299918673814152,0.2700081326185848,0,0
1081,Malek Jaziri,Kyle Edmund,-0.009684164190601951,0.008316433209137074,-0.015252132021973175,0.09514538316683156,-0.005828756265112367,-0.01967312348668282,-0.42857142857142855,-0.11519607843137253,0.06666666666666668,0.6318115054908939,0.368188494509106,0,0
1083,Peter Gojowczyk,Marton Fucsovics,0.01843535277285933,0.012413792037192284,0.02325711042186129,0.025502158034528568,-0.03204347826086956,0.02380952380952378,-0.6,-0.05982905982905984,0.0,0.6370982016872255,0.36290179831277447,0,0
1088,Peter Gojowczyk,Andreas Seppi,0.006492935526919402,0.02023991308312355,0.042271690227936635,-0.03142763931865589,-0.004545905707196041,0.017615176151761502,-0.4,-0.011111111111111072,0.03333333333333333,0.5654340798504842,0.43456592014951584,0,1
1089,Tennys Sandgren,Fabio Fognini,0.022552518981738948,-0.037032833584909934,0.02574655653354585,0.10626003210272876,-0.1288007408550702,-0.01656686626746512,-0.5925925925925926,-0.35465116279069764,0.1,0.7293228191176993,0.2706771808823007,0,0
1091,Steve Johnson,Lukas Rosol,0.011499242001117044,0.00026649644937365435,-0.011728949367962982,-0.01905100589311115,0.021619556913674537,0.039714714714714716,0.30000000000000004,-0.07727272727272727,0.028571428571428567,0.46960164547155225,0.5303983545284477,1,1
1092,Jared Donaldson,Stanislas Wawrinka,0.005788189339987551,0.019253364175432795,0.0215999742665981,0.05234585926003174,-0.0340411366901433,-0.02919219199437895,-0.4642857142857143,-0.21428571428571425,0.08333333333333334,0.6461073741078003,0.3538926258921997,0,0
1103,Peter Gojowczyk,Ivo Karlovic,-0.14134288914759655,-0.006185495280695536,-0.047134126808112235,0.1584751043220483,0.17999049881235155,0.15353535353535352,-0.42857142857142855,0.09401709401709403,0.05,0.5741368703313885,0.42586312966861156,0,1
1107,Gilles Simon,Dominic Thiem,-0.04003917531296678,-0.0049232265303630965,-0.06901461431442057,0.09946074523453048,-0.04460182078913927,0.03455786263975602,-0.4576719576719576,-0.2609658839167036,0.057142857142857134,0.700700695833729,0.29929930416627104,0,0
1115,Calvin Hemery,Guillermo Garcia Lopez,-0.0013426423200859278,-0.004642943764942314,0.02028985507246384,-0.13152173913043474,-0.2380952380952381,-0.36585365853658536,-0.25,-0.26666666666666666,0.0,0.6316602338502486,0.3683397661497514,0,0
1123,Horacio Zeballos,Dusan Lajovic,0.03151479016088683,0.008948899564078884,0.037797253722096524,-0.013703703703703718,-0.04957278275548629,-0.05320170026052379,0.15555555555555556,0.04545454545454547,0.028571428571428567,0.468510145651569,0.531489854348431,1,0
1125,Gael Monfils,Maximilian Marterer,0.022485328087667497,0.026231413888499637,0.058622229602271474,0.009899117276166491,0.2760513010235541,0.09508899143045484,0.42857142857142855,0.5714285714285714,0.0,0.23088265763521432,0.7691173423647857,1,0
1126,Cameron Norrie,Jose Hernandez,0.03722476564203183,0.019675168955744497,0.06998279526363738,0.34920634920634924,0.1979010494752624,0.13714285714285718,0.0,0.5714285714285714,0.0,0.37612264980652454,0.6238773501934755,1,1
1128,Nicolas Kicker,Nicolas Jarry,-0.05922217741228455,0.003151794638003892,-0.040562870251551364,-0.018787948218581763,-0.030112044817927175,0.044522144522144536,0.5555555555555556,0.5555555555555556,0.0,0.3254525361726821,0.6745474638273179,1,0
1132,Ivan Endara,Nicolas Jarry,0.09116613376317946,-0.003725920249451679,0.17559479275774348,-0.16701902748414374,-0.21861471861471865,0.6060606060606061,0.0,-0.4827586206896552,0.0,0.6545617532792894,0.34543824672071055,0,0
1135,Santiago Giraldo,Thiago Monteiro,-0.009553266183996949,0.0030251386895511693,0.007607104297738255,0.025641025641025602,0.023511840235118403,-0.018443640490884598,0.0,0.06666666666666665,0.1,0.48487969479484905,0.515120305205151,1,0
1139,Ze Zhang,Michael Venus,-0.03040890269151138,0.02691511387163561,-0.02006552006552009,0.1607142857142857,0.0665024630541872,0.09243697478991596,0.0,0.2,0.0,0.49445708452584136,0.5055429154741586,1,1
1148,Damir Dzumhur,Martin Klizan,-0.0052137064613418105,0.001210721484485998,-0.0043164008013999436,0.03046409126263938,0.08001963672066764,0.06999564584815693,-0.2777777777777778,0.3623188405797101,0.03333333333333333,0.4619206900014742,0.5380793099985258,1,0
1154,Mikael Ymer,Gastao Elias,-0.043506493506493514,0.006818181818181821,-0.12353262353262352,0.08759937212010738,0.12211819188563378,0.006882591093117396,-0.16666666666666666,-0.05128205128205132,0.0,0.5683129392482508,0.43168706075174923,0,1
1156,Dudi Sela,Lloyd George Muirhead Harris,-0.07025472669815143,-0.0022912009592111968,-0.08711822078228881,0.187999692496925,-0.0115009746588694,-0.04935515873015872,-0.34166666666666673,-0.24999999999999994,0.0,0.6911580502598389,0.3088419497401611,0,1
1159,Elias Ymer,Sergiy Stakhovsky,-0.0583807488744527,0.006468341455771054,-0.04323308270676696,-0.035285815102328866,-0.014644197512694081,0.05709935287400075,-0.25,0.11538461538461535,0.1,0.5448995428314347,0.4551004571685653,0,0
1167,Jeson Patrombon,David Agung Susanto,-0.0197029702970297,0.0004950495049504955,0.037460317460317534,0.019607843137254943,-0.04933586337760909,-0.10989010989010987,0.0,-0.4375,0.0,0.6130651050905489,0.38693489490945115,0,0
1171,Jurgen Zopp,Laurynas Grigelis,0.003808574277168492,0.004257228315054838,0.029411764705882363,-0.07293233082706765,-0.14615384615384613,-0.05555555555555558,0.0,0.16666666666666669,0.0,0.4971062671341172,0.5028937328658828,1,0
1180,Alex De Minaur,Alexander Zverev,-0.06842404609411706,0.0014235807467588707,-0.11532368782342385,0.3426838235294117,-0.09775373613275877,-0.15340692805481534,-0.3333333333333333,-0.5313432835820895,0.1,0.7826658146520735,0.21733418534792645,0,0
1183,Borna Coric,Vasek Pospisil,-0.04256794000233845,-0.003303044981543036,-0.04819391955729513,-0.00937048503611973,0.053352900411723934,0.014896331738437019,0.6,0.03968253968253965,0.04444444444444445,0.3960552427037449,0.6039447572962551,1,1
1186,Rafael Nadal,Philipp Kohlschreiber,-0.01773216929079329,-0.004307733508310898,-0.018733864173709813,-0.04715974422394467,0.19162544964028774,-0.005366191420388411,0.2933333333333333,0.2942430703624733,0.024,0.32767486850792227,0.6723251314920777,1,1
1188,David Ferrer,Philipp Kohlschreiber,-0.03851403584901125,0.028398470895755163,-0.061167262760823626,0.09936618973514433,0.04501626914236245,-0.038845914968098916,-0.08771929824561397,-0.14219269102990034,0.06470588235294117,0.5784092911708121,0.42159070882918787,0,1
1194,Adrian Mannarino,Robin Haase,-0.04542532676237412,-0.00899935718877223,-0.050526801873972405,0.0459453525736982,0.07751521661296101,0.07058404558404557,0.060975609756097615,0.1740196078431373,0.03571428571428572,0.4676985368478831,0.5323014631521169,1,1
1196,Roberto Bautista Agut,Cameron Norrie,-0.022620676329016258,-0.029463030942830287,0.06064764261968891,-0.5302813543156891,0.13545353422995246,0.1406219312602291,0.6111111111111112,0.4666666666666666,0.0,0.18855579981674797,0.811444200183252,1,0
1198,Marton Fucsovics,Ruben Bemelmans,0.005232877288620458,0.0139961825508784,0.05015091545886852,-0.10513965201465199,0.003952569169960452,0.12301587301587302,0.0,-0.22222222222222227,0.0,0.5349392375971592,0.4650607624028408,0,0
1199,David Goffin,Attila Balazs,0.05149705926842073,-0.011276749090197269,0.13562647984171786,-0.1400462962962963,0.11387163561076608,0.11853512705530644,0.7166666666666667,0.3768115942028986,0.0,0.22896903355228626,0.7710309664477137,1,1
1205,Marin Cilic,Mikhail Kukushkin,0.1040926518991774,0.028275885753071918,0.1153643107450052,-0.1398775275357554,-0.07855167999128337,-0.08585487937977493,0.4027777777777778,0.1964285714285714,0.0,0.3477052380753246,0.6522947619246754,1,1
1210,Dusan Lajovic,John Isner,-0.18493359193619205,-0.006864370549547919,-0.11498069738188732,0.14539826770816727,0.11319693094629155,0.07660293926388351,-0.23636363636363636,-0.2380952380952381,0.06666666666666668,0.6496999530047174,0.35030004699528267,0,0
