,aces,break_point_opp_loss,break_point_opp_total,doubfts,first_serve_in,first_serves_won,rt_games_total,service_games,svpt_total,total_brk_faced,total_brk_saved,ace_pct,df_pct,first_serve_won_pct,broken_pct,breaking_pct,break_conversion_pct,win_pct_grass,win_pct_clay,win_pct_hard,Left_hand_win_pct,right_hand_win_pct
Abdullah Maqdas,5,23,32,4,247,149,46,46,316,33,19,0.015822785,0.012658228,0.603238866,0.304347826,0.195652174,0.28125,0,0,0,0,0
Adam Hornby,2,2,3,7,53,30,13,13,82,11,4,0.024390244,0.085365854,0.566037736,0.538461538,0.076923077,0.333333333,0,0,0,0,0
Adam Pavlasek,45,17,32,23,292,197,49,48,497,58,28,0.09054326,0.046277666,0.674657534,0.625,0.306122449,0.46875,0.5,0,0,0,0.166666667
Aditya Hari Sasongko,3,3,4,3,53,32,13,13,79,14,8,0.037974684,0.037974684,0.603773585,0.461538462,0.076923077,0.25,0,0,0,0,0
Adrian Mannarino,246,242,432,143,2809,1930,588,586,4667,390,226,0.052710521,0.030640669,0.687077252,0.279863481,0.323129252,0.439814815,0.615384615,0.333333333,0.56097561,0.555555556,0.549019608
Adrian Menendez Maceiras,30,27,41,10,295,206,48,46,484,36,16,0.061983471,0.020661157,0.698305085,0.434782609,0.291666667,0.341463415,0.5,0,0.333333333,0,0.2
Adrian Ungur,7,10,18,4,164,106,37,37,250,22,15,0.028,0.016,0.646341463,0.189189189,0.216216216,0.444444444,0,0,0,0,0.5
Adrien Bossel,3,0,0,2,42,30,11,10,76,10,8,0.039473684,0.026315789,0.714285714,0.2,0,0,0,0,0,0,0
Agustin Velotti,8,7,9,1,37,26,14,13,75,3,1,0.106666667,0.013333333,0.702702703,0.153846154,0.142857143,0.222222222,0,0,0,0,0
Aisam Ul Haq Qureshi,64,19,34,20,172,151,51,53,297,11,8,0.215488215,0.067340067,0.877906977,0.056603774,0.294117647,0.441176471,0.5,0,1,0,0.5
Akira Santillan,40,17,33,20,235,168,69,72,441,30,13,0.090702948,0.045351474,0.714893617,0.236111111,0.231884058,0.484848485,0.5,0,0.25,0,0.285714286
Albert Montanes,3,6,11,4,70,45,18,18,131,20,13,0.022900763,0.030534351,0.642857143,0.388888889,0.277777778,0.454545455,0,0.5,0,0,1
Albert Ramos,303,314,517,170,3508,2391,703,695,5721,488,300,0.052962769,0.029715085,0.681584949,0.270503597,0.288762447,0.392649903,0.5,0.628571429,0.384615385,0.5,0.518518519
Alberto Emmanuel Alvarado Larin,1,6,12,6,129,58,26,24,177,35,18,0.005649718,0.033898305,0.449612403,0.708333333,0.230769231,0.5,0,0,0,0,0
Alberto Lim,12,15,29,15,220,135,52,52,335,35,18,0.035820896,0.044776119,0.613636364,0.326923077,0.269230769,0.482758621,0,0,0,0,0
Aldin Setkic,1,0,0,3,30,10,8,7,52,16,12,0.019230769,0.057692308,0.333333333,0.571428571,0,0,0,0,0,0,0
Alejandro Falla,2,11,18,4,81,51,20,19,137,17,10,0.01459854,0.02919708,0.62962963,0.368421053,0.35,0.388888889,0,0.5,0,0.5,0
Alejandro Gonzalez,6,3,7,11,93,55,25,25,161,18,7,0.037267081,0.068322981,0.591397849,0.44,0.16,0.571428571,0,0,0,0,0
Aleksandr Nedovyesov,9,1,4,4,47,32,13,13,77,8,3,0.116883117,0.051948052,0.680851064,0.384615385,0.230769231,0.75,0,0,0,0,0
Alessandro Bega,4,5,7,3,47,33,12,12,70,5,1,0.057142857,0.042857143,0.70212766,0.333333333,0.166666667,0.285714286,0,0,0,0,0
Alessandro Giannessi,66,72,110,57,868,567,168,170,1329,148,98,0.0496614,0.042889391,0.653225806,0.294117647,0.226190476,0.345454545,0,0.555555556,0.166666667,0.5,0.333333333
Alex Bolt,25,11,15,7,98,66,27,26,162,14,5,0.154320988,0.043209877,0.673469388,0.346153846,0.148148148,0.266666667,0,0,0,0,0
Alex De Minaur,22,26,37,27,357,225,65,64,583,69,36,0.037735849,0.046312178,0.630252101,0.515625,0.169230769,0.297297297,0,0,0.333333333,0.5,0.2
Alexandar Lazarov,1,5,7,5,29,17,10,10,54,4,0,0.018518519,0.092592593,0.586206897,0.4,0.2,0.285714286,0,0,0,0,0
Alexander Bublik,84,27,42,37,283,212,65,66,488,41,20,0.172131148,0.075819672,0.749116608,0.318181818,0.230769231,0.357142857,0,0,0.6,1,0.4
Alexander Merino,2,0,0,3,24,14,8,7,43,7,3,0.046511628,0.069767442,0.583333333,0.571428571,0,0,0,0,0,0,0
Alexander Ward,3,1,2,5,68,43,0,0,103,15,9,0.029126214,0.048543689,0.632352941,inf,inf,0.5,0,0,0,0,0
Alexander Zverev,648,273,497,274,3899,2907,839,850,6104,414,267,0.106159895,0.044888598,0.745575789,0.172941176,0.266984505,0.450704225,0.75,0.8,0.666666667,0.6,0.731343284
Alexandr Dolgopolov,318,167,277,138,2047,1524,461,469,3637,274,164,0.087434699,0.03794336,0.744504152,0.234541578,0.238611714,0.397111913,0.333333333,0.631578947,0.481481481,0.4,0.564102564
Alexandre Muller,4,9,16,5,94,64,0,0,162,20,13,0.024691358,0.030864198,0.680851064,inf,inf,0.4375,0,0,0,0,0
Alexios Halebian,6,6,6,1,34,23,10,9,56,5,3,0.107142857,0.017857143,0.676470588,0.222222222,0,0,0,0,0,0,0
Aljaz Bedene,293,159,255,75,1659,1246,350,349,2798,204,116,0.104717655,0.026804861,0.751054852,0.252148997,0.274285714,0.376470588,0.666666667,0.6,0.375,0.25,0.53125
Altug Celikbilek,11,6,10,3,96,65,26,26,164,14,8,0.067073171,0.018292683,0.677083333,0.230769231,0.153846154,0.4,0,0,0,0,0
Amine Ahouda,3,8,12,10,113,74,33,31,201,17,8,0.014925373,0.049751244,0.654867257,0.290322581,0.121212121,0.333333333,0,0.5,0,0,0.333333333
Andreas Haider Maurer,16,4,5,17,119,72,8,9,225,32,19,0.071111111,0.075555556,0.605042017,1.444444444,0.125,0.2,0,0,0,0,0
Andreas Seppi,275,141,246,96,1737,1274,403,403,3087,286,177,0.089083252,0.031098154,0.733448474,0.270471464,0.260545906,0.426829268,0.625,0.4,0.5,0.166666667,0.566666667
Andrej Martin,8,9,20,8,158,95,34,34,239,30,20,0.033472803,0.033472803,0.601265823,0.294117647,0.323529412,0.55,0,0.333333333,0,0,0.333333333
Andrew Whittington,32,14,22,24,189,148,33,34,342,26,19,0.093567251,0.070175439,0.783068783,0.205882353,0.242424242,0.363636364,0,0,0.5,0,0.5
Andrey Kuznetsov,177,162,251,107,1613,1163,384,377,2811,237,135,0.062966916,0.038064746,0.721016739,0.270557029,0.231770833,0.354581673,0,0.529411765,0.294117647,0.571428571,0.357142857
Andrey Rublev,168,144,260,129,1746,1215,309,303,3002,289,174,0.055962692,0.042971352,0.695876289,0.379537954,0.375404531,0.446153846,0.6,0.625,0.476190476,0.25,0.551724138
Andy Murray,201,164,314,98,1796,1296,279,286,3018,226,126,0.066600398,0.032471836,0.721603563,0.34965035,0.537634409,0.477707006,0.666666667,0.642857143,0.8,0.75,0.703703704
Anil Yuksel,2,2,5,4,90,54,23,22,163,18,9,0.012269939,0.024539877,0.6,0.409090909,0.130434783,0.6,0,0,0,0,0
Anoosha Shahgholi,1,1,1,2,59,33,12,11,76,13,7,0.013157895,0.026315789,0.559322034,0.545454545,0,0,0,0,0,0,0
Ante Pavic,7,5,6,7,47,35,14,13,90,17,12,0.077777778,0.077777778,0.744680851,0.384615385,0.071428571,0.166666667,0,0,0,0,0
Anthony Susanto,3,6,9,6,36,21,11,10,71,9,3,0.042253521,0.084507042,0.583333333,0.6,0.272727273,0.333333333,0,0,0,0,0
Antoine Bellier,4,3,6,7,66,43,21,19,128,14,7,0.03125,0.0546875,0.651515152,0.368421053,0.142857143,0.5,0,0,0,0,0
Antso Rakotondramanga,23,5,9,5,122,90,30,31,197,5,3,0.116751269,0.025380711,0.737704918,0.064516129,0.133333333,0.444444444,0,0,0,0,0
Aqeel Khan,22,12,27,16,192,151,51,52,333,33,25,0.066066066,0.048048048,0.786458333,0.153846154,0.294117647,0.555555556,1,0,1,0,1
Artem Sitak,4,0,0,2,31,23,9,9,56,6,3,0.071428571,0.035714286,0.741935484,0.333333333,0,0,0,0,0,0,0
Artem Smirnov,7,7,16,3,200,120,41,41,313,33,20,0.022364217,0.009584665,0.6,0.317073171,0.219512195,0.5625,0,0,0,0,0
Arthur De Greef,25,25,37,18,366,242,78,76,590,64,39,0.042372881,0.030508475,0.661202186,0.328947368,0.153846154,0.324324324,0,0.25,0.333333333,0,0.285714286
Arturs Lazdins,0,0,0,0,0,0,0,0,0,0,0,0,0,0,0,0,0,0,0,0,0,0
Attila Balazs,10,28,40,19,258,155,63,64,425,43,21,0.023529412,0.044705882,0.600775194,0.34375,0.19047619,0.3,0,0.333333333,0,0,0.333333333
August Holmgren,6,5,7,5,55,38,12,12,89,8,7,0.06741573,0.056179775,0.690909091,0.083333333,0.166666667,0.285714286,0,0,1,0,1
Austin Krajicek,9,3,4,1,72,56,17,16,95,3,1,0.094736842,0.010526316,0.777777778,0.125,0.058823529,0.25,0,0,0,0,0
Ayed Zatar,8,9,16,5,115,75,29,29,194,16,7,0.041237113,0.025773196,0.652173913,0.310344828,0.24137931,0.4375,0,0,0,1,0
Aziz Dougaz,9,13,19,22,215,144,48,46,347,41,30,0.025936599,0.063400576,0.669767442,0.239130435,0.125,0.315789474,0,0,0,0,0
Benjamin Becker,16,8,12,14,103,73,30,30,178,14,4,0.08988764,0.078651685,0.708737864,0.333333333,0.133333333,0.333333333,0,0,0,0,0
Benjamin Bonzi,6,12,18,6,105,68,0,0,188,28,18,0.031914894,0.031914894,0.647619048,inf,inf,0.333333333,0,0.5,0,0,1
Benjamin Hannestad,1,4,7,4,69,36,15,15,115,16,9,0.008695652,0.034782609,0.52173913,0.466666667,0.2,0.428571429,0,0,0,0,0
Benoit Paire,515,232,405,287,2529,1911,604,609,4786,453,275,0.107605516,0.059966569,0.755634638,0.29228243,0.286423841,0.427160494,0.666666667,0.444444444,0.485714286,0.375,0.518518519
Bernard Tomic,201,78,125,54,1532,1071,303,311,2299,183,108,0.087429317,0.023488473,0.699086162,0.241157556,0.155115512,0.376,0.5,0.375,0.230769231,0.4,0.333333333
Bjorn Fratangelo,91,60,108,72,959,649,195,192,1665,147,85,0.054654655,0.043243243,0.676746611,0.322916667,0.246153846,0.444444444,0.75,0.333333333,0.333333333,0,0.571428571
Blake Mott,7,0,1,3,49,31,14,14,78,8,3,0.08974359,0.038461538,0.632653061,0.357142857,0.071428571,1,0,0,0,0,0
Blaz Kavcic,9,30,46,25,173,115,30,30,320,49,30,0.028125,0.078125,0.664739884,0.633333333,0.533333333,0.347826087,0,0,0,0,0.333333333
Borna Coric,280,172,275,119,2390,1699,481,475,3836,302,204,0.072992701,0.031021898,0.710878661,0.206315789,0.214137214,0.374545455,0,0.6,0.413793103,0.5,0.428571429
Brayden Schnur,29,31,39,17,243,165,55,54,374,33,22,0.077540107,0.045454545,0.679012346,0.203703704,0.145454545,0.205128205,0,0,0,0,0
Bruno Britez,6,10,15,6,109,70,21,22,140,26,19,0.042857143,0.042857143,0.642201835,0.318181818,0.238095238,0.333333333,0,0,0,0,0.5
Brydan Klein,31,12,19,20,182,139,38,36,321,27,14,0.096573209,0.062305296,0.763736264,0.361111111,0.184210526,0.368421053,0,0,0.333333333,0.5,0
Calvin Hemery,3,2,2,4,45,32,11,10,76,10,8,0.039473684,0.052631579,0.711111111,0.2,0,0,0,0,0,0,0
Cameron Norrie,25,18,25,24,241,155,29,27,417,42,21,0.059952038,0.057553957,0.643153527,0.777777778,0.24137931,0.28,0.25,0,0.5,1,0.2
Carlos Berlocq,101,131,226,93,1680,1100,379,380,2740,295,170,0.036861314,0.033941606,0.654761905,0.328947368,0.250659631,0.420353982,0.25,0.391304348,0.5,0.375,0.4
Casper Ruud,60,60,96,38,814,552,186,186,1225,113,75,0.048979592,0.031020408,0.678132678,0.204301075,0.193548387,0.375,0,0.5,0.2,0.333333333,0.416666667
Cedrik Marcel Stebe,44,68,122,36,603,378,110,114,977,114,61,0.045035824,0.036847492,0.626865672,0.464912281,0.490909091,0.442622951,0,0.571428571,0.4,0,0.545454545
Cem Ilkel,33,26,43,15,346,241,88,85,598,56,37,0.055183946,0.025083612,0.696531792,0.223529412,0.193181818,0.395348837,0,0,0,0,0.2
Christian Garin,40,29,50,24,282,197,56,56,484,33,18,0.082644628,0.049586777,0.69858156,0.267857143,0.375,0.42,0,0.5,1,0,0.5
Christian Harrison,6,3,6,5,51,32,16,16,102,20,9,0.058823529,0.049019608,0.62745098,0.6875,0.1875,0.5,0,0,0,0,0
Christian Lindell,13,20,31,5,107,82,27,28,163,7,3,0.079754601,0.030674847,0.76635514,0.142857143,0.407407407,0.35483871,0,1,0,1,1
Christopher Diaz Figueroa,18,33,51,25,237,163,62,61,432,52,36,0.041666667,0.05787037,0.687763713,0.262295082,0.290322581,0.352941176,0,0,0.5,0,0
Christopher Eubanks,35,8,13,25,260,178,48,46,407,37,23,0.085995086,0.061425061,0.684615385,0.304347826,0.104166667,0.384615385,0,0,0.4,0,0.4
Christopher Oconnell,8,14,15,7,130,84,29,30,210,24,16,0.038095238,0.033333333,0.646153846,0.266666667,0.034482759,0.066666667,0,0,0,0,0
Damir Dzumhur,166,252,493,202,3144,2088,679,665,4933,508,302,0.033650922,0.040948713,0.664122137,0.309774436,0.354933726,0.488843813,0.5,0.222222222,0.68,0.666666667,0.6
Daniel Altmaier,40,13,20,15,239,176,62,60,402,34,21,0.099502488,0.037313433,0.736401674,0.216666667,0.112903226,0.35,0.666666667,0,0,0,0.5
Daniel Brands,35,15,22,26,268,187,46,45,412,41,27,0.084951456,0.063106796,0.697761194,0.311111111,0.152173913,0.318181818,0,0,0.5,0,0.25
Daniel Cukierman,1,1,1,5,30,15,7,7,46,7,2,0.02173913,0.108695652,0.5,0.714285714,0,0,0,0,0,0,0
Daniel Evans,110,98,177,76,1149,823,283,281,1915,169,96,0.057441253,0.039686684,0.716275022,0.259786477,0.279151943,0.446327684,0,0.333333333,0.625,0.714285714,0.444444444
Daniel Gimeno Traver,1,0,0,2,13,7,3,2,16,2,1,0.0625,0.125,0.538461538,0.5,0,0,0,0,0,0,0
Daniel Masur,8,2,3,6,88,63,23,22,138,14,9,0.057971014,0.043478261,0.715909091,0.227272727,0.043478261,0.333333333,0,0,0,0,0
Daniil Medvedev,337,172,286,181,2264,1615,498,491,3746,353,226,0.089962627,0.048318206,0.713339223,0.258655804,0.228915663,0.398601399,0.666666667,0,0.483870968,0.333333333,0.512820513
Darian King,28,72,129,28,668,441,136,136,1036,103,65,0.027027027,0.027027027,0.660179641,0.279411765,0.419117647,0.441860465,0,0,0.636363636,0,0.636363636
David Agung Susanto,6,6,13,10,150,92,31,30,202,25,15,0.02970297,0.04950495,0.613333333,0.333333333,0.225806452,0.538461538,0,0,0,0,0.5
David Ferrer,118,248,398,209,2274,1587,482,484,3812,371,230,0.030954879,0.054826863,0.697889182,0.291322314,0.31120332,0.376884422,0.4,0.578947368,0.523809524,0.666666667,0.485714286
David Goffin,496,389,669,221,3824,2816,920,918,6611,537,350,0.075026471,0.033429133,0.736401674,0.203703704,0.304347826,0.418535127,0,0.695652174,0.716666667,0.692307692,0.710144928
Denis Istomin,305,135,213,61,1958,1419,390,395,2991,260,166,0.101972584,0.020394517,0.724719101,0.237974684,0.2,0.366197183,0,0.363636364,0.578947368,0,0.516129032
Denis Kudla,7,8,15,7,88,62,24,24,139,14,8,0.050359712,0.050359712,0.704545455,0.25,0.291666667,0.466666667,0.5,0,0,0,0.5
Denis Shapovalov,214,84,127,104,1166,870,238,240,2011,135,83,0.106414719,0.051715564,0.746140652,0.216666667,0.180672269,0.338582677,0.333333333,0,0.526315789,0.666666667,0.473684211
Dennis Novak,13,4,10,12,146,100,30,30,226,19,14,0.057522124,0.053097345,0.684931507,0.166666667,0.2,0.6,0,0,0.5,0,0.5
Dennis Novikov,43,10,20,14,174,128,48,49,319,26,18,0.134796238,0.043887147,0.735632184,0.163265306,0.208333333,0.5,0.5,0,0,0,0.4
Di Wu,19,11,18,11,283,192,71,71,455,44,23,0.041758242,0.024175824,0.67844523,0.295774648,0.098591549,0.388888889,0,0,0.25,0,0.166666667
Diego Sebastian Schwartzman,163,365,651,166,3157,2076,664,649,5163,512,288,0.031570792,0.03215185,0.657586316,0.345146379,0.430722892,0.439324117,0,0.586206897,0.611111111,0.888888889,0.526315789
Dimitar Kuzmanov,1,0,1,2,43,22,9,10,62,7,3,0.016129032,0.032258065,0.511627907,0.4,0.111111111,1,0,0,0,0,0
Dmitry Popko,15,14,21,3,201,138,46,47,294,16,8,0.051020408,0.010204082,0.686567164,0.170212766,0.152173913,0.333333333,0,1,0,0,0.666666667
Dmitry Tursunov,12,15,24,16,294,187,47,46,445,59,33,0.026966292,0.035955056,0.636054422,0.565217391,0.191489362,0.375,0,0,0.25,0,0.25
Dominic Thiem,453,348,582,226,3437,2570,707,711,5846,468,311,0.077488881,0.038658912,0.747745127,0.220815752,0.330975955,0.402061856,0.571428571,0.814814815,0.525,0.615384615,0.639344262
Dominik Koepfer,0,1,1,3,26,13,8,7,44,7,3,0,0.068181818,0.5,0.571428571,0,0,0,0,0,0,0
Donald Young,195,145,251,186,2289,1571,456,461,3764,360,222,0.051806589,0.049415515,0.686325907,0.299349241,0.23245614,0.422310757,0.625,0,0.558823529,0.4,0.525
Duck Hee Lee,3,7,9,6,69,49,20,20,138,8,4,0.02173913,0.043478261,0.710144928,0.2,0.1,0.222222222,0,0,0,0,0
Dudi Sela,73,107,192,78,1411,979,270,271,2228,193,111,0.032764811,0.035008977,0.69383416,0.302583026,0.314814815,0.442708333,0.666666667,0,0.458333333,0.5,0.416666667
Dusan Lajovic,130,133,231,58,2201,1499,425,432,3183,266,166,0.040841973,0.018221803,0.681054066,0.231481481,0.230588235,0.424242424,0.5,0.4,0.476190476,0.454545455,0.428571429
Dustin Brown,196,84,133,145,1284,913,278,275,2222,177,97,0.088208821,0.065256526,0.71105919,0.290909091,0.176258993,0.368421053,0.4,0.3,0.333333333,0.6,0.28
Dzmitry Zhyrmont,12,9,13,12,144,98,37,37,261,37,25,0.045977011,0.045977011,0.680555556,0.324324324,0.108108108,0.307692308,0,0,0,0,0
Edan Leshem,5,0,0,2,41,24,9,9,62,5,2,0.080645161,0.032258065,0.585365854,0.333333333,0,0,0,0,0,0,0
Eduardo Struvay,12,4,6,14,41,28,13,13,79,13,6,0.151898734,0.17721519,0.682926829,0.538461538,0.153846154,0.333333333,0,0,0,0,0
Eero Vasa,3,8,12,7,74,40,16,16,116,18,10,0.025862069,0.060344828,0.540540541,0.5,0.25,0.333333333,0,0,0,0,0
Egor Gerasimov,43,18,29,11,175,146,43,45,252,10,8,0.170634921,0.043650794,0.834285714,0.044444444,0.255813953,0.379310345,0,0,1,1,1
Elias Ymer,48,42,71,32,532,376,127,130,869,81,51,0.055235903,0.036823936,0.706766917,0.230769231,0.228346457,0.408450704,0,0.6,0.25,0,0.5
Emil Ruusuvuori,1,7,9,3,54,31,14,14,93,12,6,0.010752688,0.032258065,0.574074074,0.428571429,0.142857143,0.222222222,0,0,0,0,0
Emilio Gomez,24,21,35,24,245,178,63,63,411,32,17,0.058394161,0.058394161,0.726530612,0.238095238,0.222222222,0.4,0,0,0,0,0.5
Ernesto Escobedo,159,101,146,70,1151,809,258,265,2103,191,121,0.075606277,0.033285782,0.702867072,0.264150943,0.174418605,0.308219178,0.333333333,0.428571429,0.357142857,0.333333333,0.388888889
Ernests Gulbis,146,61,91,79,664,513,96,94,1212,105,71,0.120462046,0.065181518,0.772590361,0.361702128,0.3125,0.32967033,0.666666667,0.5,0.2,0.5,0.416666667
Evan King,7,12,21,8,161,104,26,26,250,19,9,0.028,0.032,0.645962733,0.384615385,0.346153846,0.428571429,0,0,0.333333333,0,0.333333333
Evgeny Donskoy,104,76,102,50,823,590,177,171,1448,113,63,0.071823204,0.034530387,0.716889429,0.292397661,0.146892655,0.254901961,0,0,0.384615385,0,0.263157895
Evgeny Tyurnev,6,5,6,3,22,14,8,8,43,6,1,0.139534884,0.069767442,0.636363636,0.625,0.125,0.166666667,0,0,0,0,0
Fabio Fognini,197,309,501,278,2827,1951,627,623,4828,455,272,0.040803645,0.057580779,0.690130881,0.293739968,0.306220096,0.383233533,0.666666667,0.592592593,0.620689655,0.583333333,0.604651163
Facundo Bagnis,88,47,71,64,793,544,166,169,1273,130,81,0.069128044,0.050274941,0.686002522,0.289940828,0.144578313,0.338028169,0,0.25,0.166666667,0,0.230769231
Federico Delbonis,60,84,138,65,956,659,225,225,1544,137,83,0.038860104,0.042098446,0.689330544,0.24,0.24,0.391304348,0,0.5,0.571428571,0,0.523809524
Federico Gaio,28,11,17,30,167,129,53,51,320,28,20,0.0875,0.09375,0.77245509,0.156862745,0.113207547,0.352941176,0,0.666666667,0,1,0.333333333
Federico Zeballos,1,5,15,5,49,28,13,14,89,10,5,0.011235955,0.056179775,0.571428571,0.357142857,0.769230769,0.666666667,0,0,0,0,0
Feliciano Lopez,520,202,310,139,2404,1848,517,521,4050,324,212,0.128395062,0.034320988,0.768718802,0.214971209,0.208897485,0.348387097,0.818181818,0.533333333,0.363636364,0.666666667,0.522727273
Fernando Verdasco,217,241,411,185,2891,2021,564,558,4231,375,228,0.051288112,0.043724888,0.699066067,0.26344086,0.30141844,0.413625304,0.25,0.588235294,0.545454545,0.272727273,0.604651163
Filip Krajinovic,54,17,36,14,381,279,89,91,569,30,17,0.094903339,0.024604569,0.732283465,0.142857143,0.213483146,0.527777778,0,0,0.714285714,0,0.714285714
Finn Tearney,6,9,14,9,97,55,26,25,171,25,14,0.035087719,0.052631579,0.567010309,0.44,0.192307692,0.357142857,0,0,0,0,0
Florian Mayer,113,81,132,45,1263,881,248,247,2086,206,138,0.054170662,0.021572387,0.697545527,0.275303644,0.205645161,0.386363636,0.5,0.5,0.111111111,0.333333333,0.375
Francis Tiafoe,194,99,161,74,1217,863,256,252,2074,147,77,0.093539055,0.035679846,0.709120789,0.277777778,0.2421875,0.385093168,0.333333333,0,0.315789474,0.5,0.272727273
Franco Skugor,62,35,50,19,464,323,116,114,738,59,35,0.08401084,0.025745257,0.69612069,0.210526316,0.129310345,0.3,0,0.333333333,0.333333333,0,0.285714286
Frank Dancevic,10,6,10,4,96,76,23,23,143,8,4,0.06993007,0.027972028,0.791666667,0.173913043,0.173913043,0.4,0.5,0,0,0,0.5
Frederico Ferreira Silva,6,7,20,3,92,62,25,24,139,12,6,0.043165468,0.021582734,0.673913043,0.25,0.52,0.65,0,0.5,0,0,0.5
Frederik Nielsen,23,22,52,26,346,253,91,94,568,46,33,0.040492958,0.045774648,0.731213873,0.138297872,0.32967033,0.576923077,0,0,0.75,0,0.75
Gael Monfils,310,174,296,137,1861,1345,306,305,2982,242,151,0.103957076,0.045942321,0.722729715,0.298360656,0.39869281,0.412162162,0.625,0.428571429,0.631578947,0.571428571,0.592592593
Gastao Elias,87,83,130,57,814,598,231,227,1540,145,84,0.056493506,0.037012987,0.734643735,0.268722467,0.203463203,0.361538462,0,0.454545455,0.166666667,0,0.384615385
Geoffrey Blancaneaux,3,3,3,9,39,21,0,0,72,12,5,0.041666667,0.125,0.538461538,inf,0,0,0,0,0,0,0
George Tsivadze,4,18,25,9,175,99,71,68,279,41,22,0.014336918,0.032258065,0.565714286,0.279411765,0.098591549,0.28,0,0,0,0,0
Gerald Melzer,81,65,112,45,946,631,217,216,1409,135,82,0.05748758,0.031937544,0.667019027,0.24537037,0.216589862,0.419642857,0,0.545454545,0.2,1,0.428571429
Gerardo Lopez Villasenor,10,10,12,11,73,48,21,21,142,14,8,0.070422535,0.077464789,0.657534247,0.285714286,0.095238095,0.166666667,0,0,0,0,0
Gianluca Mager,5,4,7,3,45,26,13,12,77,9,4,0.064935065,0.038961039,0.577777778,0.416666667,0.230769231,0.428571429,0,0,0,0,0
Gianluigi Quinzi,18,9,18,8,114,74,25,26,215,31,24,0.08372093,0.037209302,0.649122807,0.269230769,0.36,0.5,0,0.5,0,0,0.5
Gilles Muller,707,162,252,186,2450,1961,461,464,3927,244,176,0.180035651,0.0473644,0.800408163,0.146551724,0.195227766,0.357142857,0.846153846,0.555555556,0.571428571,0.666666667,0.638297872
Gilles Simon,121,160,284,109,1796,1219,433,434,3231,342,203,0.037449706,0.033735686,0.678730512,0.320276498,0.286374134,0.436619718,0.25,0.357142857,0.434782609,0.5,0.378378378
Giovanni Lapentti,9,2,7,4,60,45,19,17,99,7,4,0.090909091,0.04040404,0.75,0.176470588,0.263157895,0.714285714,0,0.5,0,1,0
Gleb Sakharov,10,5,8,6,89,66,19,21,145,14,9,0.068965517,0.04137931,0.741573034,0.238095238,0.157894737,0.375,0,0.5,0,0,0
Go Soeda,18,9,22,6,224,153,61,62,394,31,13,0.045685279,0.015228426,0.683035714,0.290322581,0.213114754,0.590909091,0,0,0.25,0.5,0
Gonzalo Escobar,7,11,16,4,89,64,23,23,136,8,4,0.051470588,0.029411765,0.719101124,0.173913043,0.217391304,0.3125,0,0,0,0.5,0
Grega Zemlja,53,23,37,17,189,163,61,61,377,10,6,0.140583554,0.045092838,0.862433862,0.06557377,0.229508197,0.378378378,0,0,0,0,0.666666667
Gregoire Barrere,3,0,1,3,33,14,7,8,58,13,7,0.051724138,0.051724138,0.424242424,0.75,0.142857143,1,0,0,0,0,0
Grigor Dimitrov,560,322,523,254,3406,2641,727,745,5409,379,264,0.103531152,0.046958772,0.775396359,0.154362416,0.27647868,0.384321224,0.666666667,0.444444444,0.78,0.444444444,0.75862069
Guido Andreozzi,15,21,27,12,140,104,40,38,225,17,9,0.066666667,0.053333333,0.742857143,0.210526316,0.15,0.222222222,0,0.333333333,0,0,0.5
Guido Pella,166,160,255,86,1955,1339,401,400,3017,281,181,0.055021545,0.028505138,0.684910486,0.25,0.236907731,0.37254902,0,0.461538462,0.5,0.5,0.482758621
Guilherme Clezar,10,9,12,2,112,67,25,24,182,25,16,0.054945055,0.010989011,0.598214286,0.375,0.12,0.25,0,0,0,0,0
Guillermo Garcia Lopez,62,78,123,87,828,572,189,184,1519,133,72,0.040816327,0.057274523,0.690821256,0.331521739,0.238095238,0.365853659,0,0.25,0.25,0.2,0.266666667
Hamid Reza Nadaf,0,0,0,0,0,0,0,0,0,0,0,0,0,0,0,0,0,0,0,1,0,0
Harri Heliovaara,4,3,9,4,67,49,13,14,111,9,8,0.036036036,0.036036036,0.731343284,0.071428571,0.461538462,0.666666667,0,0,0,0,0
Haydn Lewis,14,9,14,18,131,96,33,33,224,23,15,0.0625,0.080357143,0.732824427,0.242424242,0.151515152,0.357142857,0,0,0.5,0,0
Hei Yin Andrew Li,1,5,6,5,55,28,13,12,98,15,9,0.010204082,0.051020408,0.509090909,0.5,0.076923077,0.166666667,0,0,0,0,0
Henri Laaksonen,180,113,176,134,1200,885,269,269,1994,164,100,0.090270812,0.067201605,0.7375,0.237918216,0.234200743,0.357954545,0,0.6,0.470588235,0.5,0.421052632
Hong Kit Jack Wong,9,13,28,11,159,94,40,39,244,20,5,0.036885246,0.045081967,0.591194969,0.384615385,0.375,0.535714286,0,0,0,0,0.5
Horacio Zeballos,245,139,221,92,2159,1552,453,450,3386,231,133,0.072356763,0.027170703,0.71885132,0.217777778,0.181015453,0.371040724,0,0.555555556,0.384615385,0.25,0.5
Hsien Yin Peng,3,1,4,5,67,47,15,14,99,7,4,0.03030303,0.050505051,0.701492537,0.214285714,0.2,0.75,0,0,0,0,0
Hubert Hurkacz,14,15,24,26,151,103,35,35,243,28,17,0.057613169,0.106995885,0.682119205,0.314285714,0.257142857,0.375,0,0,0,0,0
Hugo Dellien,1,8,11,2,93,50,15,15,118,14,7,0.008474576,0.016949153,0.537634409,0.466666667,0.2,0.272727273,0,0,0,0,0
Hyeon Chung,156,187,321,143,1853,1330,398,391,3091,273,165,0.050469104,0.046263345,0.717754992,0.276214834,0.336683417,0.417445483,0,0.666666667,0.458333333,0.5,0.555555556
Illia Biloborodko,1,0,0,3,16,9,7,6,36,6,1,0.027777778,0.083333333,0.5625,0.833333333,0,0,0,0,0,0,0
Illya Marchenko,56,37,57,29,382,287,83,83,655,37,13,0.085496183,0.044274809,0.751308901,0.289156627,0.240963855,0.350877193,0,0,0.333333333,0,0.333333333
Ilya Ivashka,58,21,38,22,267,195,75,76,459,30,10,0.126361656,0.047930283,0.730337079,0.263157895,0.226666667,0.447368421,0,0,1,1,0
Inigo Cervantes Huegun,6,12,16,6,29,18,11,11,65,8,3,0.092307692,0.092307692,0.620689655,0.454545455,0.363636364,0.25,0,0,0,0,0
Isak Arvidsson,18,22,34,16,130,92,37,38,255,28,17,0.070588235,0.062745098,0.707692308,0.289473684,0.324324324,0.352941176,0,0,0.5,0,0
Ivan Dodig,27,30,46,29,261,184,65,64,422,35,18,0.063981043,0.068720379,0.704980843,0.265625,0.246153846,0.347826087,0,0.75,0,0,0.6
Ivan Endara,13,0,1,2,41,36,11,11,71,3,1,0.183098592,0.028169014,0.87804878,0.181818182,0.090909091,1,0,0,0,0,0
Ivo Karlovic,729,78,110,177,2004,1649,421,422,3077,123,89,0.236919077,0.057523562,0.822854291,0.08056872,0.076009501,0.290909091,0.5,0.428571429,0.4,0.333333333,0.461538462
Jack Sock,399,266,417,228,2885,2097,695,690,4835,345,207,0.082523268,0.047156153,0.726863085,0.2,0.217266187,0.362110312,0.5,0.5,0.673469388,0.6,0.653061224
James Duckworth,8,7,9,7,71,56,22,22,142,7,3,0.056338028,0.049295775,0.788732394,0.181818182,0.090909091,0.222222222,0,0,0,0,0
James Ward,9,0,0,3,79,55,8,8,127,16,8,0.070866142,0.023622047,0.696202532,1,0,0,0,0,0,0,0
Jan Lennard Struff,475,212,335,250,2425,1880,632,648,4549,372,241,0.104418554,0.054957133,0.775257732,0.202160494,0.194620253,0.367164179,0.25,0.5,0.516129032,0.285714286,0.510204082
Jan Satral,17,5,7,11,80,58,23,22,159,21,12,0.106918239,0.06918239,0.725,0.409090909,0.086956522,0.285714286,0,0,0,0,0
Janko Tipsarevic,103,66,105,53,722,519,145,145,1342,120,64,0.076751118,0.039493294,0.718836565,0.386206897,0.268965517,0.371428571,0.333333333,0.285714286,0.25,0,0.333333333
Jared Donaldson,303,203,323,156,1856,1386,453,446,3484,299,180,0.086969001,0.044776119,0.746767241,0.266816143,0.264900662,0.371517028,0.6,0.285714286,0.516129032,0.6,0.485714286
Jason Jung,17,15,21,13,165,103,41,41,278,34,21,0.061151079,0.04676259,0.624242424,0.317073171,0.146341463,0.285714286,0,0,0,0,0
Jaume Munar,3,4,7,2,43,25,13,12,80,8,4,0.0375,0.025,0.581395349,0.333333333,0.230769231,0.428571429,0,0,0,0,0
Jc Aragone,4,2,2,2,53,30,0,0,86,9,4,0.046511628,0.023255814,0.566037736,inf,0,0,0,0,0,0,0
Jean Jacques Rakotohasy,8,4,7,6,50,36,13,14,80,3,2,0.1,0.075,0.72,0.071428571,0.230769231,0.428571429,0,0,0,0,0
Jeremy Chardy,308,146,230,164,1782,1301,387,383,2805,252,161,0.109803922,0.058467023,0.730078563,0.237597911,0.217054264,0.365217391,0.333333333,0.545454545,0.454545455,0.571428571,0.4375
Jerzy Janowicz,117,44,61,46,679,527,108,106,1085,65,42,0.107834101,0.042396313,0.776141384,0.216981132,0.157407407,0.278688525,0.666666667,0,0.4,1,0.454545455
Jeson Patrombon,1,4,7,5,63,41,17,17,100,11,5,0.01,0.05,0.650793651,0.352941176,0.176470588,0.428571429,0,0,0,0,0
Jesus Bandres,11,5,7,2,74,40,19,18,132,19,12,0.083333333,0.015151515,0.540540541,0.388888889,0.105263158,0.285714286,0,0,0,0,0
Jirat Navasirisomboon,7,16,33,13,200,143,46,46,289,21,14,0.024221453,0.044982699,0.715,0.152173913,0.369565217,0.515151515,0,0,1,0,1
Jiri Vesely,299,173,301,209,2495,1749,520,519,3969,354,214,0.075333837,0.0526581,0.701002004,0.269749518,0.246153846,0.425249169,0.333333333,0.6,0.363636364,0.8,0.384615385
Jo Wilfried Tsonga,524,243,404,121,2556,2055,589,586,4183,224,145,0.125268946,0.028926608,0.80399061,0.134812287,0.273344652,0.398514851,0.6,0.777777778,0.717948718,0.666666667,0.727272727
Joao Domingues,7,17,28,2,187,123,43,42,280,26,15,0.025,0.007142857,0.657754011,0.261904762,0.255813953,0.392857143,0,0.666666667,0,0,0.5
Joao Sousa,270,233,394,150,2689,1922,643,650,4580,405,235,0.058951965,0.032751092,0.714763853,0.261538462,0.250388802,0.408629442,0,0.482758621,0.416666667,0.5,0.404761905
Joao Souza,30,11,15,13,145,116,45,44,249,20,11,0.120481928,0.052208835,0.8,0.204545455,0.088888889,0.266666667,0,0.25,0,1,0
John Isner,1179,152,233,131,3682,2931,690,697,5222,219,159,0.225775565,0.025086174,0.796034764,0.086083214,0.117391304,0.347639485,0.666666667,0.636363636,0.625,0.444444444,0.666666667
John Millman,43,41,70,15,565,369,68,67,914,96,54,0.047045952,0.016411379,0.653097345,0.626865672,0.426470588,0.414285714,0,0,0.5,0,0.375
John Patrick Smith,16,14,22,8,194,125,21,21,288,26,15,0.055555556,0.027777778,0.644329897,0.523809524,0.380952381,0.363636364,0,0,0,0,0
Jonathan Eysseric,1,1,1,5,30,19,8,7,55,9,5,0.018181818,0.090909091,0.633333333,0.571428571,0,0,0,0,0,0,0
Jordan Thompson,182,130,220,79,1539,1060,323,325,2513,243,142,0.072423398,0.03143653,0.688758934,0.310769231,0.278637771,0.409090909,0.25,0.333333333,0.5,0.428571429,0.434782609
Jordi Munoz Abreu,2,7,13,9,84,50,19,20,127,15,9,0.015748031,0.070866142,0.595238095,0.3,0.315789474,0.461538462,0,0,0,1,0
Joris De Loore,5,1,2,3,41,34,11,11,66,2,0,0.075757576,0.045454545,0.829268293,0.181818182,0.090909091,0.5,0,0,0,0,0
Jose Hernandez,3,6,7,5,82,47,23,21,132,18,9,0.022727273,0.037878788,0.573170732,0.428571429,0.043478261,0.142857143,0,0,0,0,0
Jose Olivares,6,2,3,5,54,42,12,12,90,5,4,0.066666667,0.055555556,0.777777778,0.083333333,0.083333333,0.333333333,0,0,0,0,0
Jose Rubin Statham,11,8,8,3,117,87,31,30,173,9,3,0.063583815,0.01734104,0.743589744,0.2,0,0,0,0,0,0,0
Jozef Kovalik,35,27,42,13,445,286,91,91,717,81,52,0.048814505,0.018131102,0.642696629,0.318681319,0.164835165,0.357142857,0,0,0.666666667,0,0.285714286
Juan Martin Del Potro,460,230,374,124,2678,2028,505,500,4158,262,158,0.110630111,0.02982203,0.757281553,0.208,0.285148515,0.385026738,0.5,0.7,0.714285714,0.6,0.714285714
Juan Monaco,2,9,18,2,144,87,38,35,228,29,15,0.00877193,0.00877193,0.604166667,0.4,0.236842105,0.5,0,0,0,0,0
Juan Pablo Varillas Patino Samudio,6,7,10,9,129,88,33,33,228,17,10,0.026315789,0.039473684,0.682170543,0.212121212,0.090909091,0.3,0,0,0,0,0
Julien Benneteau,199,108,174,110,1219,910,262,256,2009,144,82,0.099054256,0.054753609,0.746513536,0.2421875,0.251908397,0.379310345,0.5,0,0.526315789,0.6,0.454545455
Julius Tverijonas,3,5,9,4,87,51,25,23,155,20,9,0.019354839,0.025806452,0.586206897,0.47826087,0.16,0.444444444,0,0,0,0,0
Jurgen Melzer,9,2,11,3,173,104,41,39,245,21,7,0.036734694,0.012244898,0.601156069,0.358974359,0.219512195,0.818181818,0,0,0,0,0
Jurgen Zopp,22,12,18,11,140,105,39,38,236,13,6,0.093220339,0.046610169,0.75,0.184210526,0.153846154,0.333333333,0,0,0.5,0,0.5
Justin Lunn,1,2,2,1,25,15,7,7,48,8,3,0.020833333,0.020833333,0.6,0.714285714,0,0,0,0,0,0,0
Kamil Majchrzak,7,4,5,4,71,49,20,19,124,10,5,0.056451613,0.032258065,0.690140845,0.263157895,0.05,0.2,0,0,0,0,0
Karan Rastogi,0,9,17,3,74,53,17,17,101,5,4,0,0.02970297,0.716216216,0.058823529,0.470588235,0.470588235,0,0,0,0,1
Karen Khachanov,453,238,380,201,2697,1984,569,572,4714,372,226,0.096096733,0.042638948,0.735632184,0.255244755,0.249560633,0.373684211,0.714285714,0.608695652,0.25,0.428571429,0.456521739
Kei Nishikori,141,221,386,101,2283,1631,435,433,3674,305,194,0.03837779,0.027490474,0.714410863,0.256351039,0.379310345,0.42746114,0.6,0.705882353,0.714285714,0.777777778,0.676470588
Kenny De Schepper,44,46,71,28,503,350,102,104,690,70,48,0.063768116,0.04057971,0.69582505,0.211538462,0.245098039,0.352112676,0,0.5,0.571428571,0.333333333,0.666666667
Kevin Anderson,738,206,318,147,2820,2229,437,449,4368,227,158,0.168956044,0.033653846,0.790425532,0.153674833,0.256292906,0.352201258,0.666666667,0.625,0.580645161,0.4,0.651162791
Kimmer Coppejans,3,5,6,3,23,16,9,9,45,5,1,0.066666667,0.066666667,0.695652174,0.444444444,0.111111111,0.166666667,0,0,0,0,0
Kittipong Wachiramanowong,12,14,19,7,124,83,34,33,203,21,9,0.0591133,0.034482759,0.669354839,0.363636364,0.147058824,0.263157895,0,0,0,0,0
Konstantin Kravchuk,90,38,60,43,611,451,137,131,1005,108,66,0.089552239,0.04278607,0.738134206,0.320610687,0.160583942,0.366666667,0.5,0.5,0,1,0.076923077
Kuan Yi Lee,2,4,6,1,61,41,16,16,93,8,5,0.021505376,0.010752688,0.672131148,0.1875,0.125,0.333333333,0,0,0,0,0
Kyle Edmund,343,250,413,179,2842,2096,634,646,4893,359,224,0.070100143,0.036582873,0.737508797,0.208978328,0.257097792,0.394673123,0.25,0.428571429,0.547619048,0.5,0.490196078
Laslo Djere,29,48,77,30,499,328,129,130,833,83,50,0.034813926,0.036014406,0.657314629,0.253846154,0.224806202,0.376623377,0,0.6,0.5,0.666666667,0.555555556
Laurent Lokoli,19,6,13,7,69,54,0,0,138,11,6,0.137681159,0.050724638,0.782608696,inf,inf,0.538461538,0,0,0,0,0
Laurynas Grigelis,38,33,54,18,272,196,70,70,425,45,27,0.089411765,0.042352941,0.720588235,0.257142857,0.3,0.388888889,0,0,0.5,0,0.333333333
Leonardo Mayer,128,72,120,51,935,671,192,187,1496,108,66,0.085561497,0.034090909,0.717647059,0.22459893,0.25,0.4,0,0.7,0.444444444,0.666666667,0.538461538
Liam Broady,15,19,33,5,185,119,42,44,287,26,15,0.052264808,0.017421603,0.643243243,0.25,0.333333333,0.424242424,0,0,0.666666667,1,0.333333333
Lloyd George Muirhead Harris,58,32,63,21,315,246,95,96,563,24,13,0.103019538,0.037300178,0.780952381,0.114583333,0.326315789,0.492063492,0,0,0.8,0,0.666666667
Lorenzo Giustino,1,2,2,4,38,24,8,9,58,7,3,0.017241379,0.068965517,0.631578947,0.444444444,0,0,0,0,0,0,0
Luca Vanni,3,2,4,6,42,22,13,11,79,12,5,0.037974684,0.075949367,0.523809524,0.636363636,0.153846154,0.5,0,0,0,0,0
Lucas Andriamasilalao,1,2,2,1,51,27,13,12,77,10,5,0.012987013,0.012987013,0.529411765,0.416666667,0,0,0,0,0,0,0
Lucas Catarina,6,12,20,17,98,57,30,30,197,33,17,0.030456853,0.086294416,0.581632653,0.533333333,0.266666667,0.4,0,0,0,0,0
Lucas Gomez,0,0,0,0,26,13,7,7,38,6,1,0,0,0.5,0.714285714,0,0,0,0,0,0,0
Lucas Pouille,487,223,390,227,2721,2046,576,577,4847,371,238,0.10047452,0.046833093,0.751929438,0.2305026,0.289930556,0.428205128,0.75,0.6875,0.558823529,0.583333333,0.630434783
Luciano Ramazzini,0,1,1,2,56,31,11,11,78,10,3,0,0.025641026,0.553571429,0.636363636,0,0,0,0,0,0,0
Luis David Martinez,2,9,23,9,90,58,22,22,152,11,6,0.013157895,0.059210526,0.644444444,0.227272727,0.636363636,0.608695652,0,0,0.5,0,1
Luis Patino,1,9,12,9,51,28,14,14,93,17,10,0.010752688,0.096774194,0.549019608,0.5,0.214285714,0.25,0,0,0,0,0
Lukas Lacko,123,53,83,37,745,541,187,191,1288,98,59,0.095496894,0.028726708,0.726174497,0.204188482,0.160427807,0.361445783,0.25,0,0.461538462,0.75,0.25
Lukas Mugevicius,3,13,20,6,53,38,17,18,106,14,9,0.028301887,0.056603774,0.716981132,0.277777778,0.411764706,0.35,0,0,1,0,0
Lukas Rosol,67,29,45,32,467,361,77,76,755,51,34,0.088741722,0.042384106,0.773019272,0.223684211,0.207792208,0.355555556,0.5,0.5,0.333333333,0,0.6
M Abid Ali Khan Akbar,0,0,0,0,0,0,0,0,0,0,0,0,0,0,0,0,0,0,0,0,0,0
Mahammad Abid,0,0,0,0,0,0,0,0,0,0,0,0,0,0,0,0,0,0,0,0,0,0
Malek Jaziri,183,165,264,136,1613,1165,394,388,3029,280,162,0.060415979,0.044899307,0.722256665,0.304123711,0.251269036,0.375,0,0,0.5,0.5,0.375
Manuel Sanchez,8,21,29,14,88,66,24,24,165,20,14,0.048484848,0.084848485,0.75,0.25,0.333333333,0.275862069,0,0,0,0,1
Marc Polmans,3,12,15,10,91,58,24,24,178,24,15,0.016853933,0.056179775,0.637362637,0.375,0.125,0.2,0,0,0,0,0
Marcel Granollers,90,87,128,37,1020,675,224,220,1598,160,85,0.056320401,0.023153942,0.661764706,0.340909091,0.183035714,0.3203125,0,0.142857143,0.230769231,0.5,0.166666667
Marcelo Arevalo,15,26,49,14,181,127,45,47,295,24,15,0.050847458,0.047457627,0.701657459,0.191489362,0.511111111,0.469387755,0,0,1,0,1
Marcelo Tomas Barrios Vera,2,4,5,4,50,40,12,12,77,3,2,0.025974026,0.051948052,0.8,0.083333333,0.083333333,0.2,0,0,1,0,0
Marco Cecchinato,14,22,35,20,275,179,55,57,414,44,18,0.033816425,0.048309179,0.650909091,0.456140351,0.236363636,0.371428571,0,0.2,0,0,0.166666667
Marco Chiudinelli,32,30,44,17,345,243,90,92,580,51,28,0.055172414,0.029310345,0.704347826,0.25,0.155555556,0.318181818,0,0,0.4,0,0.166666667
Marco Trungelliti,8,13,25,22,204,128,7,8,362,36,17,0.022099448,0.060773481,0.62745098,2.375,1.714285714,0.48,0,0.333333333,0,0,0.333333333
Marcos Baghdatis,259,133,209,118,1314,1003,326,318,2467,189,118,0.104985813,0.047831374,0.763318113,0.22327044,0.233128834,0.363636364,0.571428571,0,0.583333333,0.833333333,0.444444444
Marin Cilic,753,318,521,206,3010,2403,617,632,5152,321,196,0.146156832,0.039984472,0.79833887,0.19778481,0.329011345,0.389635317,0.8,0.777777778,0.545454545,0.5,0.696428571
Marius Copil,231,79,117,76,1094,825,254,252,1943,151,95,0.118888317,0.039114771,0.754113346,0.222222222,0.149606299,0.324786325,0,0.285714286,0.384615385,0.5,0.315789474
Marko Tepavac,6,5,8,1,37,23,11,11,70,6,2,0.085714286,0.014285714,0.621621622,0.363636364,0.272727273,0.375,0,0,0,0,0
Markus Eriksson,2,0,4,0,28,25,7,8,39,0,0,0.051282051,0,0.892857143,0,0.571428571,1,0,1,0,0,0
Marsel Ilhan,41,17,35,17,307,217,83,83,543,60,37,0.075506446,0.031307551,0.706840391,0.277108434,0.21686747,0.514285714,0.5,0,0,1,0.5
Martin Klizan,89,111,191,91,1505,1006,291,290,2290,213,132,0.038864629,0.039737991,0.668438538,0.279310345,0.274914089,0.418848168,0,0.5,0.384615385,1,0.304347826
Martins Podzus,13,10,10,5,50,32,14,14,91,10,5,0.142857143,0.054945055,0.64,0.357142857,0,0,0,0,0,0,0
Marton Fucsovics,109,73,126,55,812,611,184,192,1413,103,62,0.077140835,0.038924275,0.752463054,0.213541667,0.288043478,0.420634921,0,0.6,0.5,0.333333333,0.615384615
Mate Pavic,1,0,0,2,8,5,4,3,17,3,1,0.058823529,0.117647059,0.625,0.666666667,0,0,0,0,0,0,0
Mathias Bourgue,10,10,10,2,89,59,9,8,144,11,5,0.069444444,0.013888889,0.662921348,0.75,0,0,0,0,0,0,0
Matteo Berrettini,1,0,0,3,31,19,8,8,61,10,6,0.016393443,0.049180328,0.612903226,0.5,0,0,0,0,0,0,0
Matthew Barton,34,2,3,8,99,81,25,25,174,15,12,0.195402299,0.045977011,0.818181818,0.12,0.04,0.333333333,0,0,0.5,0,1
Matthew Ebden,75,82,129,70,763,540,182,181,1187,105,64,0.063184499,0.058972199,0.707732634,0.226519337,0.258241758,0.364341085,0.666666667,0.5,0.5,0,0.6
Matthew Foster Estwick,2,0,0,3,48,22,11,11,70,14,7,0.028571429,0.042857143,0.458333333,0.636363636,0,0,0,0,0,0,0
Mattias Siimar,2,0,0,2,34,25,11,10,72,9,6,0.027777778,0.027777778,0.735294118,0.3,0,0,0,0,0,0,0
Mauricio Echazu,1,4,6,4,83,53,19,19,109,8,2,0.009174312,0.036697248,0.638554217,0.315789474,0.105263158,0.333333333,0,0,0,0,0
Maxime Hamou,5,6,6,5,65,43,0,0,103,9,5,0.048543689,0.048543689,0.661538462,inf,0,0,0,0,0,0,0
Maximilian Marterer,62,28,41,15,521,346,106,104,761,67,37,0.081471748,0.019710907,0.664107486,0.288461538,0.122641509,0.317073171,0,0,0,0,0
Maximo Gonzalez,1,6,16,7,152,97,30,29,229,25,17,0.004366812,0.030567686,0.638157895,0.275862069,0.333333333,0.625,0,0.5,0,0,1
Mehdi Jdi,2,1,3,4,37,24,11,10,66,10,4,0.03030303,0.060606061,0.648648649,0.6,0.181818182,0.666666667,0,0,0,0,0
Menelaos Efstathiou,4,3,11,5,118,76,26,25,175,15,9,0.022857143,0.028571429,0.644067797,0.24,0.307692308,0.727272727,0,0,0,0,0
Michael Mmoh,20,16,22,14,169,106,46,42,263,32,15,0.076045627,0.053231939,0.627218935,0.404761905,0.130434783,0.272727273,0,0,0,0,0
Michael Venus,8,6,7,3,55,40,14,14,92,7,5,0.086956522,0.032608696,0.727272727,0.142857143,0.071428571,0.142857143,0,0,0,0,0
Mikael Ymer,8,48,76,27,396,242,86,87,616,82,51,0.012987013,0.043831169,0.611111111,0.356321839,0.325581395,0.368421053,0,0.5,0,0,0.333333333
Mike Urbanija,2,0,0,4,38,21,11,11,67,8,1,0.029850746,0.059701493,0.552631579,0.636363636,0,0,0,0,0,0,0
Mikelis Libietis,18,10,11,5,90,62,21,20,149,17,12,0.120805369,0.033557047,0.688888889,0.25,0.047619048,0.090909091,0,0,0,0,0
Mikhail Kukushkin,97,107,204,27,1533,1047,238,231,2306,201,123,0.04206418,0.011708586,0.68297456,0.337662338,0.407563025,0.475490196,0.5,0.375,0.529411765,0.333333333,0.5
Mikhail Youzhny,112,116,193,109,1572,1058,279,282,2603,265,164,0.043027276,0.04187476,0.67302799,0.358156028,0.275985663,0.398963731,0.4,0.142857143,0.388888889,0.333333333,0.333333333
Miljan Zekic,11,7,9,5,145,99,30,30,219,25,17,0.050228311,0.02283105,0.682758621,0.266666667,0.066666667,0.222222222,0,0.333333333,0,0,0.333333333
Milos Raonic,567,171,263,138,2024,1605,355,367,3156,154,102,0.179657795,0.043726236,0.79298419,0.141689373,0.25915493,0.349809886,0.666666667,0.6875,0.736842105,0.666666667,0.714285714
Mirza Basic,32,24,43,17,249,180,70,70,462,54,40,0.069264069,0.036796537,0.722891566,0.2,0.271428571,0.441860465,0,0,0.666666667,0,0.666666667
Mischa Zverev,395,199,343,166,3324,2377,653,653,5093,434,280,0.077557432,0.032593756,0.715102286,0.235834609,0.220520674,0.419825073,0.636363636,0.384615385,0.473684211,0.181818182,0.530612245
Mitchell Krueger,26,20,31,15,182,119,47,48,311,33,19,0.083601286,0.048231511,0.653846154,0.291666667,0.234042553,0.35483871,0,0,0.333333333,0,0.25
Mohamed Safwat,39,14,18,14,278,201,69,68,432,39,28,0.090277778,0.032407407,0.723021583,0.161764706,0.057971014,0.222222222,0.5,0,0,0,0.25
Mohammad Ghareeb,7,7,12,0,103,72,23,23,142,5,4,0.049295775,0,0.699029126,0.043478261,0.217391304,0.416666667,0,0,0,0,1
Mubarak Al Harrasi,3,0,0,4,34,22,8,8,62,13,9,0.048387097,0.064516129,0.647058824,0.5,0,0,0,0,0,0,0
Mykyta Mashtakov,0,0,0,1,43,22,11,10,63,13,6,0,0.015873016,0.511627907,0.7,0,0,0,0,0,0,0
Nam Hoang Ly,8,11,25,5,113,74,27,29,175,12,6,0.045714286,0.028571429,0.654867257,0.206896552,0.518518519,0.56,0,0,0,0,1
Nenad Zimonjic,2,0,1,2,24,10,8,7,43,7,2,0.046511628,0.046511628,0.416666667,0.714285714,0.125,1,0,0,0,0,0
Nicholas Campbell,0,0,1,4,34,20,11,10,70,5,3,0,0.057142857,0.588235294,0.2,0.090909091,1,0,0,0,0,0
Nick Hardt,3,0,1,3,32,16,9,9,57,6,2,0.052631579,0.052631579,0.5,0.444444444,0.111111111,1,0,0,0,0,0
Nick Kyrgios,640,186,293,171,2254,1788,515,524,3528,180,116,0.181405896,0.048469388,0.793256433,0.122137405,0.20776699,0.365187713,0,0.5,0.710526316,0.5,0.675
Nicola Kuhn,7,1,3,5,54,35,12,12,83,4,1,0.084337349,0.060240964,0.648148148,0.25,0.166666667,0.666666667,0,0,0,0,0
Nicolaas Scholtz,74,14,22,18,296,220,76,76,472,24,14,0.156779661,0.038135593,0.743243243,0.131578947,0.105263158,0.363636364,0,0,0.666666667,0,0.5
Nicolas Almagro,155,79,130,51,859,639,196,201,1569,104,52,0.098789038,0.03250478,0.743888242,0.258706468,0.260204082,0.392307692,0,0.5,0.375,0.333333333,0.473684211
Nicolas Jarry,49,20,33,17,326,229,42,43,533,43,28,0.091932458,0.031894934,0.702453988,0.348837209,0.30952381,0.393939394,0,0,1,0,0
Nicolas Kicker,56,73,130,60,1047,693,204,203,1712,167,100,0.03271028,0.035046729,0.661891117,0.330049261,0.279411765,0.438461538,0,0.555555556,0,0,0.555555556
Nicolas Mahut,216,145,210,94,1688,1203,335,342,2768,237,148,0.078034682,0.033959538,0.712677725,0.260233918,0.194029851,0.30952381,0.2,0.2,0.541666667,0.666666667,0.392857143
Nikola Mektic,11,1,3,3,94,53,23,23,151,15,6,0.072847682,0.01986755,0.563829787,0.391304348,0.086956522,0.666666667,0,0,0,0,0
Nikoloz Basilashvili,153,242,397,174,2683,1756,514,518,4158,415,247,0.036796537,0.041847042,0.654491241,0.324324324,0.30155642,0.390428212,0.2,0.428571429,0.516129032,0.571428571,0.441860465
Noah Rubin,17,11,21,9,163,111,45,45,285,20,10,0.059649123,0.031578947,0.680981595,0.222222222,0.222222222,0.476190476,0,0,0.5,0,0.333333333
Norbert Gombos,79,67,96,63,698,501,127,125,1120,120,79,0.070535714,0.05625,0.717765043,0.328,0.228346457,0.302083333,0,0.333333333,0.25,0,0.272727273
Novak Djokovic,169,186,338,79,2093,1518,358,368,3172,218,137,0.053278689,0.024905422,0.725274725,0.220108696,0.424581006,0.449704142,0.888888889,0.75,0.8,0.909090909,0.75862069
Omar Awadhy,0,0,1,2,36,22,10,10,57,4,0,0,0.035087719,0.611111111,0.4,0.1,1,0,0,0,0,0
Omar Jasika,1,1,1,5,41,25,12,11,68,12,6,0.014705882,0.073529412,0.609756098,0.545454545,0,0,0,0,0,0,0
Orlando Luz,4,3,3,3,34,20,10,10,67,5,2,0.059701493,0.044776119,0.588235294,0.3,0,0,0,0,0,0,0
Pablo Carreno Busta,220,278,488,109,3462,2344,616,608,5146,466,290,0.042751652,0.0211815,0.67706528,0.289473684,0.340909091,0.430327869,0,0.689655172,0.484848485,0.75,0.54
Pablo Cuevas,217,152,254,149,1889,1371,450,445,3182,260,155,0.068196103,0.046825896,0.725780836,0.235955056,0.226666667,0.401574803,0,0.583333333,0.352941176,0.666666667,0.4375
Paolo Lorenzi,280,245,390,168,2954,2056,639,633,5035,425,252,0.055610725,0.033366435,0.696005416,0.273301738,0.226917058,0.371794872,0.25,0.535714286,0.321428571,0.615384615,0.369565217
Patrick Kypson,4,5,8,3,60,33,0,0,101,11,5,0.03960396,0.02970297,0.55,inf,inf,0.375,0,0,0,0,0
Patrick Tierro,1,1,2,3,32,18,9,8,56,11,7,0.017857143,0.053571429,0.5625,0.5,0.111111111,0.5,0,0,0,0,0
Patrik Niklas Salminen,0,0,0,0,1,0,26,26,1,0,0,0,0,0,0,0,0,0,0,0,0,0
Patrik Rosenholm,9,17,20,7,148,107,37,37,253,27,19,0.035573123,0.027667984,0.722972973,0.216216216,0.081081081,0.15,0,0,0.5,0,0
Paul Henri Mathieu,49,52,68,35,474,331,116,116,849,81,45,0.057714959,0.041224971,0.698312236,0.310344828,0.137931034,0.235294118,0,0,0.166666667,0.333333333,0
Pedro Sousa,13,19,40,13,224,149,48,47,286,23,12,0.045454545,0.045454545,0.665178571,0.234042553,0.4375,0.525,0,0.75,0,0.5,1
Peter Gojowczyk,175,80,144,94,972,754,250,251,1831,142,82,0.095576188,0.051338067,0.775720165,0.239043825,0.256,0.444444444,0.625,0,0.6,0.666666667,0.555555556
Peter Polansky,34,25,41,20,305,203,78,75,521,60,37,0.065259117,0.038387716,0.66557377,0.306666667,0.205128205,0.390243902,0,0,0.333333333,0,0.333333333
Petros Chrysochos,10,23,33,14,196,134,55,54,332,37,19,0.030120482,0.042168675,0.683673469,0.333333333,0.181818182,0.303030303,0,0,0,0,0
Philip Wilbert Major,7,10,15,6,147,87,33,31,231,31,15,0.03030303,0.025974026,0.591836735,0.516129032,0.151515152,0.333333333,0,0,0,0,0
Philipp Kohlschreiber,276,208,356,105,2374,1802,556,547,3973,292,187,0.069468915,0.026428392,0.759056445,0.191956124,0.26618705,0.415730337,0.5,0.666666667,0.62962963,0.571428571,0.627906977
Pierre Hugues Herbert,279,120,162,123,1452,1075,304,299,2411,180,104,0.115719618,0.051016176,0.740358127,0.254180602,0.138157895,0.259259259,0.4,0.333333333,0.315789474,0.333333333,0.333333333
Prajnesh Gunneswaran,14,8,12,4,96,80,31,30,154,9,5,0.090909091,0.025974026,0.833333333,0.133333333,0.129032258,0.333333333,0,0,0.5,0,0
Quentin Halys,88,18,31,52,437,327,87,85,763,64,42,0.115334207,0.068152031,0.748283753,0.258823529,0.149425287,0.419354839,0,0,0.333333333,0,0.285714286
Radek Stepanek,22,22,35,27,212,150,53,54,385,42,28,0.057142857,0.07012987,0.70754717,0.259259259,0.245283019,0.371428571,0,0,0.6,0,0.6
Radu Albot,79,133,202,75,1498,993,234,235,2352,204,113,0.033588435,0.031887755,0.662883845,0.387234043,0.294871795,0.341584158,0.6,0.333333333,0.25,0.5,0.304347826
Rafael Arevalo,0,3,3,0,36,15,7,7,43,9,4,0,0,0.416666667,0.714285714,0,0,0,0,0,0,0
Rafael Nadal,283,421,714,121,3720,2754,640,663,5470,327,231,0.051736746,0.022120658,0.740322581,0.14479638,0.4578125,0.410364146,0.75,0.96,0.816326531,0.818181818,0.865671642
Rajeev Ram,27,16,22,17,141,109,45,42,250,25,16,0.108,0.068,0.773049645,0.214285714,0.133333333,0.272727273,0,0.666666667,0,0,0.5
Ramkumar Ramanathan,124,53,82,62,572,439,158,162,1018,73,52,0.121807466,0.060903733,0.767482517,0.12962963,0.183544304,0.353658537,0.666666667,0,0.5,0,0.666666667
Reda El Amrani,24,24,34,30,229,175,56,59,396,28,17,0.060606061,0.075757576,0.76419214,0.186440678,0.178571429,0.294117647,0,0.5,0,1,0
Reilly Opelka,158,34,46,42,490,368,132,130,842,55,35,0.187648456,0.049881235,0.751020408,0.153846154,0.090909091,0.260869565,0,0,0.142857143,0,0.125
Renzo Olivo,68,99,167,91,1072,682,231,229,1791,230,125,0.037967616,0.050809604,0.63619403,0.458515284,0.294372294,0.407185629,0,0.368421053,0.25,0.4,0.315789474
Ricardas Berankis,37,52,84,34,543,354,105,100,935,83,41,0.039572193,0.036363636,0.651933702,0.42,0.304761905,0.380952381,0,0,0.5,0.5,0.4
Ricardo Rodriguez,9,46,85,11,332,229,79,79,477,46,25,0.018867925,0.023060797,0.689759036,0.265822785,0.493670886,0.458823529,0,0,0.5,1,0
Riccardo Bellotti,0,4,8,4,71,39,13,14,94,9,3,0,0.042553191,0.549295775,0.428571429,0.307692308,0.5,0,0,0,0,0
Richard Gasquet,149,223,379,94,2336,1680,507,512,3750,291,186,0.039733333,0.025066667,0.719178082,0.205078125,0.307692308,0.411609499,0.666666667,0.5,0.625,0.75,0.595238095
Roberto Bautista Agut,202,354,611,152,3420,2407,682,699,5411,435,262,0.037331362,0.028090926,0.70380117,0.247496423,0.376832845,0.420621931,0.714285714,0.611111111,0.727272727,0.666666667,0.694915254
Roberto Carballes Baena,25,15,28,22,217,160,57,58,378,25,19,0.066137566,0.058201058,0.737327189,0.103448276,0.228070175,0.464285714,0,0.6,0,0,0.75
Roberto Cid,2,2,6,14,64,38,18,17,121,18,8,0.016528926,0.115702479,0.59375,0.588235294,0.222222222,0.666666667,0,0,0,0,0
Roberto Marcora,2,0,0,2,25,16,8,8,50,7,3,0.04,0.04,0.64,0.5,0,0,0,0,0,0,0
Roberto Quiroz,35,13,20,10,195,156,53,52,314,13,10,0.111464968,0.031847134,0.8,0.057692308,0.132075472,0.35,0,0,0,0,1
Robin Haase,458,287,455,185,2763,2038,684,684,4667,391,231,0.098135847,0.039640026,0.737604054,0.233918129,0.245614035,0.369230769,0.428571429,0.470588235,0.5,0.375,0.510204082
Rodrigo Banzer,0,0,0,0,0,0,0,0,0,0,0,0,0,0,0,0,0,0,0,0,0,0
Roger Federer,549,293,491,103,2735,2182,550,557,4400,201,136,0.124772727,0.023409091,0.797806216,0.116696589,0.36,0.403258656,0.923076923,0,0.909090909,1,0.893617021
Rogerio Dutra Silva,140,172,254,120,1491,1003,312,305,2549,263,149,0.054923499,0.047077285,0.672702884,0.373770492,0.262820513,0.322834646,0,0.352941176,0.333333333,0,0.454545455
Romain Arneodo,8,2,4,4,94,66,21,20,160,22,17,0.05,0.025,0.70212766,0.25,0.095238095,0.5,0,0,0,0,0
Roman Safiullin,7,0,0,1,47,29,9,9,56,7,4,0.125,0.017857143,0.617021277,0.333333333,0,0,0,0,0,0,0
Ruben Bemelmans,75,59,84,26,692,486,88,91,1043,68,39,0.071907958,0.024928092,0.702312139,0.318681319,0.284090909,0.297619048,0.666666667,0,0.5,0.5,0.555555556
Ruben Gonzales,11,16,27,6,112,81,26,27,162,9,7,0.067901235,0.037037037,0.723214286,0.074074074,0.423076923,0.407407407,0,0,0,0,0
Rudolf Molleker,2,2,3,1,42,23,9,10,62,5,1,0.032258065,0.016129032,0.547619048,0.4,0.111111111,0.333333333,0,0,0,0,0
Rudolfs Mednis,8,7,10,5,80,61,18,18,134,15,13,0.059701493,0.037313433,0.7625,0.111111111,0.166666667,0.3,0,0,0,0,0
Ryan Harrison,313,160,256,142,1875,1353,426,430,3204,289,181,0.097690387,0.0443196,0.7216,0.251162791,0.225352113,0.375,0.25,0.3,0.535714286,0.333333333,0.432432432
Saketh Myneni,6,2,2,4,38,28,10,9,70,8,6,0.085714286,0.057142857,0.736842105,0.222222222,0,0,0,0,0,0,0
Salvatore Caruso,0,1,1,0,40,23,9,8,54,7,4,0,0,0.575,0.375,0,0,0,0,0,0,0
Sam Querrey,766,218,376,184,2643,2120,513,529,4594,304,191,0.166739225,0.040052242,0.802118804,0.213610586,0.307992203,0.420212766,0.7,0.555555556,0.631578947,0.615384615,0.627906977
Samuel Groth,109,14,22,44,340,268,95,95,602,42,25,0.181063123,0.073089701,0.788235294,0.178947368,0.084210526,0.363636364,0.5,0,0.2,0.5,0.2
Sanjar Fayziev,25,7,12,22,181,133,53,52,343,33,19,0.072886297,0.064139942,0.73480663,0.269230769,0.094339623,0.416666667,0,0,0,0,0
Santiago Giraldo,77,79,127,60,981,687,202,201,1609,164,97,0.047855811,0.037290242,0.70030581,0.333333333,0.237623762,0.377952756,0,0.454545455,0.166666667,0.333333333,0.357142857
Seanon Williams,1,3,3,4,33,22,9,8,48,7,4,0.020833333,0.083333333,0.666666667,0.375,0,0,0,0,0,0,0
Sebastian Ofner,52,46,68,34,391,281,56,56,699,66,46,0.074391989,0.048640916,0.718670077,0.357142857,0.392857143,0.323529412,0.666666667,0.75,0,1,0.571428571
Sekou Bangoura,5,0,0,6,40,34,11,11,60,1,0,0.083333333,0.1,0.85,0.090909091,0,0,0,0,0,0,0
Sergiy Stakhovsky,131,48,74,35,700,525,107,109,1153,77,48,0.113616652,0.030355594,0.75,0.266055046,0.242990654,0.351351351,0.5,0.333333333,0.5,1,0.384615385
Shahin Khaledan,1,6,7,5,55,36,15,15,87,5,1,0.011494253,0.057471264,0.654545455,0.266666667,0.066666667,0.142857143,0,0,0.5,0,0
Simen Sunde Bratholm,7,20,23,9,139,93,30,30,207,17,12,0.033816425,0.043478261,0.669064748,0.166666667,0.1,0.130434783,0,0,0,0,0
Simone Bolelli,15,21,35,6,423,263,25,26,577,69,49,0.025996534,0.010398614,0.621749409,0.769230769,0.56,0.4,0.5,0.5,0,0,0.333333333
Soon Woo Kwon,8,10,14,6,86,61,21,20,149,10,6,0.053691275,0.040268456,0.709302326,0.2,0.19047619,0.285714286,0,0,0,0,0
Soren Hess Olesen,8,15,26,11,227,142,50,49,351,40,26,0.022792023,0.031339031,0.625550661,0.285714286,0.22,0.423076923,0,0,0,0,0.333333333
Spencer Newman,0,3,8,11,76,36,15,15,101,14,5,0,0.108910891,0.473684211,0.6,0.333333333,0.625,0,0,0,0,0
Stanislas Wawrinka,264,169,282,83,1943,1409,378,387,3252,240,157,0.081180812,0.025522755,0.725167267,0.214470284,0.298941799,0.40070922,0,0.75,0.736842105,0.714285714,0.7
Stefan Kozlov,40,33,51,45,409,273,110,108,690,78,41,0.057971014,0.065217391,0.667481663,0.342592593,0.163636364,0.352941176,0.4,0,0,0,0.2
Stefano Napolitano,14,22,32,6,164,110,10,10,273,30,18,0.051282051,0.021978022,0.670731707,1.2,1,0.3125,0,0.333333333,0,1,0
Stefano Travaglia,41,21,39,28,248,181,16,16,488,38,18,0.084016393,0.057377049,0.72983871,1.25,1.125,0.461538462,0,0,0.333333333,0,0.25
Stefanos Tsitsipas,106,42,63,30,624,478,141,141,1078,93,54,0.098330241,0.027829314,0.766025641,0.276595745,0.14893617,0.333333333,0,0,0.363636364,0,0.285714286
Stephane Robert,39,36,52,76,376,245,112,108,808,102,51,0.048267327,0.094059406,0.651595745,0.472222222,0.142857143,0.307692308,0,0,0.142857143,0,0.111111111
Steve Darcis,136,130,242,62,2039,1367,456,456,3256,318,183,0.041769042,0.019041769,0.67042668,0.296052632,0.245614035,0.462809917,0.333333333,0.375,0.576923077,0.5,0.5
Steve Johnson,416,179,296,177,2480,1888,510,518,4150,290,184,0.100240964,0.042650602,0.761290323,0.204633205,0.229411765,0.39527027,0.5,0.8,0.529411765,0.857142857,0.522727273
Steven Diez,1,1,3,4,34,20,10,9,60,8,4,0.016666667,0.066666667,0.588235294,0.444444444,0.2,0.666666667,0,0,0,0,0
Tadas Babelis,8,3,3,10,115,70,35,32,203,21,7,0.039408867,0.049261084,0.608695652,0.4375,0,0,0,0,0,0,0
Tallon Griekspoor,1,2,3,2,77,47,19,17,118,17,10,0.008474576,0.016949153,0.61038961,0.411764706,0.052631579,0.333333333,0,0,0,0,0
Taro Daniel,46,67,105,52,883,567,109,107,1362,161,99,0.033773862,0.038179148,0.642129105,0.579439252,0.348623853,0.361904762,0,0.375,0.2,0,0.333333333
Tatsuma Ito,3,6,8,7,100,65,24,23,161,10,5,0.01863354,0.043478261,0.65,0.217391304,0.083333333,0.25,0,0,0,0,0
Taylor Harry Fritz,213,112,181,68,1186,869,281,287,2097,140,78,0.101573677,0.032427277,0.732715008,0.216027875,0.245551601,0.38121547,0,0,0.541666667,0.2,0.6
Temur Ismailov,17,13,17,9,115,87,30,31,189,14,8,0.08994709,0.047619048,0.756521739,0.193548387,0.133333333,0.235294118,0,0,0.5,0,0
Tennys Sandgren,37,19,30,12,359,257,62,60,584,63,39,0.063356164,0.020547945,0.715877437,0.4,0.177419355,0.366666667,0,0,0.5,0,0.25
Teymuraz Gabashvili,17,23,29,9,168,119,21,19,295,32,20,0.057627119,0.030508475,0.708333333,0.631578947,0.285714286,0.206896552,0,0,0,0,0
Thai Son Kwiatkowski,10,6,13,14,138,91,9,9,221,18,8,0.045248869,0.063348416,0.65942029,1.111111111,0.777777778,0.538461538,0,0,0,0,0
Thanasi Kokkinakis,141,32,54,68,718,543,118,116,1234,108,75,0.114262561,0.055105348,0.756267409,0.284482759,0.186440678,0.407407407,0.4,0,0.666666667,0,0.461538462
Thiago Monteiro,191,134,222,114,2164,1499,411,416,3327,307,179,0.057409077,0.034265104,0.692698706,0.307692308,0.214111922,0.396396396,0.5,0.434782609,0.166666667,0.666666667,0.266666667
Thiemo De Bakker,42,17,25,6,234,177,56,56,364,40,26,0.115384615,0.016483516,0.756410256,0.25,0.142857143,0.32,0,0.5,0,0,0.5
Thien Nguyen Hoang,10,7,15,13,157,99,41,41,284,39,21,0.035211268,0.045774648,0.630573248,0.43902439,0.195121951,0.533333333,0,0,0,0,0
Thomas Fabbiano,28,94,137,59,817,524,134,127,1279,137,69,0.021892103,0.046129789,0.641370869,0.535433071,0.320895522,0.313868613,0.333333333,0,0.230769231,0.5,0.214285714
Thomas Oger,7,7,12,3,41,28,12,13,71,8,3,0.098591549,0.042253521,0.682926829,0.384615385,0.416666667,0.416666667,0,0,0,0,0
Thomaz Bellucci,175,137,231,141,1647,1122,384,381,2813,253,139,0.062211162,0.050124422,0.681238616,0.299212598,0.244791667,0.406926407,0,0.5,0.166666667,0,0.419354839
Ti Chen,6,9,16,3,134,80,28,28,192,21,11,0.03125,0.015625,0.597014925,0.357142857,0.25,0.4375,0,0,0,0,0
Tilen Zitnik,6,3,8,13,78,51,22,21,140,15,7,0.042857143,0.092857143,0.653846154,0.380952381,0.227272727,0.625,0,0,0,0,0
Tim Smyczek,38,38,57,17,341,230,87,84,591,49,18,0.0642978,0.028764805,0.674486804,0.369047619,0.218390805,0.333333333,0,0,0.125,0,0.2
Tobias Kamke,9,10,21,14,178,128,47,47,316,30,21,0.028481013,0.044303797,0.719101124,0.191489362,0.234042553,0.523809524,0.666666667,0,0,1,0.333333333
Tomas Berdych,415,174,303,128,2410,1892,484,494,4126,261,174,0.100581677,0.031022782,0.785062241,0.17611336,0.266528926,0.425742574,0.727272727,0.666666667,0.62962963,0.727272727,0.642857143
Tomas Vaise,9,2,3,3,59,42,14,13,85,7,4,0.105882353,0.035294118,0.711864407,0.230769231,0.071428571,0.333333333,0,0,0,0,0
Tomislav Brkic,3,11,14,3,67,53,17,17,112,8,5,0.026785714,0.026785714,0.791044776,0.176470588,0.176470588,0.214285714,0,0,1,0,1
Tomislav Ternar,2,1,1,3,33,24,9,9,55,4,1,0.036363636,0.054545455,0.727272727,0.333333333,0,0,0,0,0,0,0
Tommy Haas,95,73,103,82,1047,719,240,237,1710,162,111,0.055555556,0.047953216,0.686723973,0.215189873,0.125,0.291262136,0.4,0.333333333,0,0,0.357142857
Tommy Paul,58,56,82,29,544,383,110,111,839,72,45,0.069129917,0.034564958,0.704044118,0.243243243,0.236363636,0.317073171,0,0,0.6,0.666666667,0.571428571
Tommy Robredo,38,45,85,28,781,496,155,153,1194,138,83,0.031825796,0.023450586,0.635083227,0.359477124,0.258064516,0.470588235,0,0.357142857,0.333333333,0,0.4
Tristan Lamasine,9,1,4,9,66,49,15,16,112,11,9,0.080357143,0.080357143,0.742424242,0.125,0.2,0.75,0,0,0,0,0
Vaclav Safranek,4,4,4,6,58,34,0,0,95,15,10,0.042105263,0.063157895,0.586206897,inf,0,0,0,0,0,0,0
Vasek Pospisil,202,73,114,60,992,753,255,255,1748,136,81,0.115560641,0.034324943,0.759072581,0.215686275,0.160784314,0.359649123,0.428571429,0,0.357142857,0.333333333,0.388888889
Victor Estrella,72,67,99,52,1042,719,190,189,1586,140,86,0.045397226,0.032786885,0.690019194,0.285714286,0.168421053,0.323232323,0,0.538461538,0.5,0.5,0.461538462
Viktor Durasovic,15,21,29,16,167,127,39,39,275,24,17,0.054545455,0.058181818,0.760479042,0.179487179,0.205128205,0.275862069,0,0,0,0,0.5
Viktor Galovic,7,4,9,5,37,30,13,13,64,6,2,0.109375,0.078125,0.810810811,0.307692308,0.384615385,0.555555556,0,1,0,0,1
Viktor Troicki,346,207,325,169,2384,1739,538,529,3925,360,214,0.088152866,0.043057325,0.729446309,0.275992439,0.219330855,0.363076923,0.2,0.545454545,0.472222222,0.571428571,0.431818182
Vincent Millot,38,26,50,30,435,289,78,78,679,84,54,0.055964654,0.044182622,0.664367816,0.384615385,0.307692308,0.48,0,0,0.285714286,1,0.166666667
Vladimir Ivanov,11,4,5,8,88,69,24,24,154,15,11,0.071428571,0.051948052,0.784090909,0.166666667,0.041666667,0.2,0,0,0,0,0.5
Wilfredo Gonzalez,16,18,27,13,143,105,31,31,212,19,14,0.075471698,0.061320755,0.734265734,0.161290323,0.290322581,0.333333333,0,0,1,1,1
Wishaya Trongcharoenchaikul,70,41,62,50,417,316,116,117,747,62,40,0.093708166,0.066934404,0.757793765,0.188034188,0.181034483,0.338709677,0.5,0,1,0,0.5
Yannick Hanfmann,64,59,95,27,629,430,154,151,998,93,59,0.064128257,0.027054108,0.683624801,0.225165563,0.233766234,0.378947368,0.5,0.6,0,0.666666667,0.5
Yannick Maden,9,14,21,2,128,90,31,30,203,16,9,0.044334975,0.009852217,0.703125,0.233333333,0.225806452,0.333333333,0,0,0.5,0,0.5
Yaraslau Shyla,19,5,8,3,122,96,30,29,190,15,12,0.1,0.015789474,0.786885246,0.103448276,0.1,0.375,0,0,0.5,0,0.5
Yasutaka Uchiyama,28,22,27,3,153,119,44,44,247,9,5,0.113360324,0.012145749,0.777777778,0.090909091,0.113636364,0.185185185,0,0,0.5,0,0.5
Yen Hsun Lu,120,114,182,90,1050,763,213,216,1787,142,78,0.067151651,0.050363738,0.726666667,0.296296296,0.319248826,0.373626374,0,0,0.428571429,1,0.363636364
Yibing Wu,21,18,27,9,188,129,46,46,344,30,20,0.061046512,0.026162791,0.686170213,0.217391304,0.195652174,0.333333333,0,0,0,0,0.5
Yoshihito Nishioka,22,74,129,34,856,551,202,199,1354,144,89,0.016248154,0.025110783,0.643691589,0.27638191,0.272277228,0.426356589,0,0,0.5,0.5,0.5
Yshai Oliel,0,2,3,3,75,31,18,18,111,21,8,0,0.027027027,0.413333333,0.722222222,0.055555556,0.333333333,0,0,0,0,0
Yuichi Sugita,124,146,255,85,1747,1187,342,339,2795,263,158,0.044364937,0.030411449,0.679450487,0.309734513,0.31871345,0.42745098,0.666666667,0.5,0.565217391,0.571428571,0.566666667
Yuki Bhambri,33,61,102,32,616,429,148,147,915,70,43,0.036065574,0.034972678,0.696428571,0.183673469,0.277027027,0.401960784,0,0,0.6,0.5,0.666666667
Yusuke Takahashi,4,6,10,2,43,28,15,15,87,9,4,0.045977011,0.022988506,0.651162791,0.333333333,0.266666667,0.4,0,0,0,0,0
Ze Zhang,19,26,34,20,222,157,58,56,336,28,11,0.056547619,0.05952381,0.707207207,0.303571429,0.137931034,0.235294118,0,0.5,0,0,0.2
Zhe Li,22,16,29,6,185,130,44,44,277,22,13,0.079422383,0.02166065,0.702702703,0.204545455,0.295454545,0.448275862,0,0,0,0,1
Zhizhen Zhang,24,16,27,10,202,151,51,53,345,25,16,0.069565217,0.028985507,0.747524752,0.169811321,0.215686275,0.407407407,0,0,0.666666667,0,0.666666667
Mackenzie McDonald,6,5,8,5,71,47.25,16,16,116.5,12,6,0.033784503,0.028805256,0.64,0.213541667,0.12,0.290997352,0,0,0,0,0
Bradley Klahn,6,5,8,5,71,47.0625,16,16,116.125,12,6,0.033792483,0.028835594,0.64,0.213541667,0.12,0.291063548,0,0,0,0,0
Jason Kubler,6,5,8,5,71,47.109375,16,16,116.21875,12,6,0.033798469,0.02881284,0.64,0.213541667,0.12,0.291013901,0,0,0,0,0
Lorenzo Sonego,6,5,8,5,71,47.07421875,16,16,116.1484375,12,6,0.03379398,0.028807152,0.64,0.213541667,0.12,0.291001489,0,0,0,0,0
Jay Clarke,6,5,8,5,71,47.08300781,16,16,116.1660156,12,6,0.033792857,0.02880573,0.64,0.213541667,0.12,0.291004592,0,0,0,0,0
